{
  "creds": {
    "noiseKey": {
      "private": {
        "type": "Buffer",
        "data": "IJKooKsRGg42yRDnynIJY+WB3Y+JRGK9SDVvFti4EFY="
      },
      "public": {
        "type": "Buffer",
        "data": "d3Yv5Umsa4Xmob+3BXePq4ReqnSmzCJaR9AMesM0WFU="
      }
    },
    "signedIdentityKey": {
      "private": {
        "type": "Buffer",
        "data": "qNOTuuJGphVhQPwe0u3HgCb1hbb7IOVI9daxz8mxKWM="
      },
      "public": {
        "type": "Buffer",
        "data": "CQartdasdrwHaDRXjS+Ftp4ufdZlKRgsQiwCcFC3hVs="
      }
    },
    "signedPreKey": {
      "keyPair": {
        "private": {
          "type": "Buffer",
          "data": "GFysvvvBm3XXWo22M3waWwTOs6VIKu0KhusdspAQEGQ="
        },
        "public": {
          "type": "Buffer",
          "data": "w0R9OasvJUgi6SQsU2al7dfM7zvQ3/CBY54xJ15FGRY="
        }
      },
      "signature": {
        "type": "Buffer",
        "data": "bJwRhA0yg0mY9rt9svA51kb6R7WoJ1IeBwGK5HcQh2pT7zaSWsFw59+vwLdrxknIA0pf4exD81/LL7fJDm+djg=="
      },
      "keyId": 1
    },
    "registrationId": 142,
    "advSecretKey": "/4A3bKgGkrdPxHC/sW8advmAS665q7+Tae94RZDKsQQ=",
    "nextPreKeyId": 31,
    "firstUnuploadedPreKeyId": 31,
    "serverHasPreKeys": true,
    "account": {
      "details": "CJq6z6AEEKbghpkGGBE=",
      "accountSignatureKey": "omiTNCcbnEii9yk4z9goOBLdOIrOcyWKoviJ63donRk=",
      "accountSignature": "f2LfZIoqXr1FFHqLd06L8USHzwG1jevxH0S6Oe0mQCSyB6dIyJmQFqyicaxwez4CBctie/QaZ3AIGo5g9l3NCg==",
      "deviceSignature": "GsK64e4JUyVb/E2hB6om23xOyyBrfGE8vZmeWUHL1wpwjrGIMYBzM+jMoZnVxkdI16AVmz49rW6YF9pG+2bNgQ=="
    },
    "me": {
      "id": "628386409398:16@s.whatsapp.net",
      "verifiedName": "",
      "name": "Hitomi - Store"
    },
    "signalIdentities": [
      {
        "identifier": {
          "name": "628386409398:16@s.whatsapp.net",
          "deviceId": 0
        },
        "identifierKey": {
          "type": "Buffer",
          "data": "BaJokzQnG5xIovcpOM/YKDgS3TiKznMliqL4iet3aJ0Z"
        }
      }
    ],
    "lastAccountSyncTimestamp": 1663152458,
    "myAppStateKeyId": "AAAAADt3"
  },
  "keys": {
    "preKeys": {
      "1": {
        "private": {
          "type": "Buffer",
          "data": "SKXYb5VRDge30wjaYboOi0MJpFufQK0pnXgybjERZ2Y="
        },
        "public": {
          "type": "Buffer",
          "data": "I+3qsjDQypmIWbdKyKbqUfgZ1MdPgNrghlx3D78W/1U="
        }
      },
      "2": null,
      "3": {
        "private": {
          "type": "Buffer",
          "data": "aEtL4ywlopGt7YP1/DB2ZWX6FCILIhX4xusVwAkwLEs="
        },
        "public": {
          "type": "Buffer",
          "data": "jV5SIsHSEvTqLL+8M98x3cmduNuTZiA7oLqChL++Nzw="
        }
      },
      "4": {
        "private": {
          "type": "Buffer",
          "data": "ODww8G2Qi3s4vpHc0s/E1y+FYTWpeCsMuyTm63IUp08="
        },
        "public": {
          "type": "Buffer",
          "data": "PDx9ZUI78Kgs9S7LpZNPvSPxMgSZMarmGP/+vizehl8="
        }
      },
      "5": {
        "private": {
          "type": "Buffer",
          "data": "+D5ycpGmEREj4ToOv3Ul4+Vvm+2EJqdV+8DEtJFi31E="
        },
        "public": {
          "type": "Buffer",
          "data": "y3QaR6YK31L3ddscCi0wupbVVS7xyiC82eWLw9XaDQ8="
        }
      },
      "6": {
        "private": {
          "type": "Buffer",
          "data": "KF2FcfEKpwOai5sioJ2YySFqlH+Su9vxl3QYrtMei0s="
        },
        "public": {
          "type": "Buffer",
          "data": "xo2SZ4tVV0UnuLJKApyith9ldUSqW5+uR6DeCYMZFl8="
        }
      },
      "7": null,
      "8": null,
      "9": {
        "private": {
          "type": "Buffer",
          "data": "2NGDhPRcreMoJOGHJvLfKM0s3NaAIG6yHNwLXluGLkI="
        },
        "public": {
          "type": "Buffer",
          "data": "2b4X2772FMCz2yEM+KYwMtA7ZvyAghxr5mSyq80gVig="
        }
      },
      "10": {
        "private": {
          "type": "Buffer",
          "data": "0JSIhS7KWLqwwBFQx9xutdj3ejk8cfIiuZt/1kS5iWo="
        },
        "public": {
          "type": "Buffer",
          "data": "1p9FAw1E0PegH0tR4xpNJcDx9INAlz0UQECyGHCQQUY="
        }
      },
      "11": null,
      "12": {
        "private": {
          "type": "Buffer",
          "data": "MBZNwHfjILRL5sAvURly/8NK5ucMe9DexApcVQNjhUU="
        },
        "public": {
          "type": "Buffer",
          "data": "yUob+5fD2VDBz1Oi9VukQrMS56x5z4wbgFIZyObK+3k="
        }
      },
      "13": {
        "private": {
          "type": "Buffer",
          "data": "GG8lUmnWrq/Q931jjfq4R7zV70+Ez/BhuBxagUzYjGA="
        },
        "public": {
          "type": "Buffer",
          "data": "BWqubSkudzAnFibdFIHgzjbolzejHXj/l5CLhiRkvVs="
        }
      },
      "14": {
        "private": {
          "type": "Buffer",
          "data": "6LdqAzSkGsHQzsbBm2WDt8f6+TnRJPbo6qZQhCsnWWU="
        },
        "public": {
          "type": "Buffer",
          "data": "ko7o2PUBRCuuZYO+5do71y0H0hSbMI/iBAC7pRw5g2Y="
        }
      },
      "15": null,
      "16": {
        "private": {
          "type": "Buffer",
          "data": "2Jk5Tml7i5lqWtkluQqiT9LxuzVWUVi0y0dFlTWfgGQ="
        },
        "public": {
          "type": "Buffer",
          "data": "7uk/2aX4mXCOTdNi0UAXNn9oQ+JeraxqME/wCOHThW8="
        }
      },
      "17": {
        "private": {
          "type": "Buffer",
          "data": "OAuX2fJhYMj0xErMyB0Mtcpc0uNmypt3jhZaGyBz1WI="
        },
        "public": {
          "type": "Buffer",
          "data": "k4DYYXz8VwEPYsNKw5D4r7cmq2adEVeQfigCiyyw/mc="
        }
      },
      "18": {
        "private": {
          "type": "Buffer",
          "data": "sGnvtLz2ZVDpvx1Kxvdc+WilBPwXM06MUohL2fMWL3Y="
        },
        "public": {
          "type": "Buffer",
          "data": "6RO1wsMeiVUADsC/maYOLY7sT0CA+XVKWfSA7HZvvTQ="
        }
      },
      "19": null,
      "20": null,
      "21": {
        "private": {
          "type": "Buffer",
          "data": "8PFXdqNa1xLvupyB/Ifp5t60V6W/86WEMvWrMAmeE0k="
        },
        "public": {
          "type": "Buffer",
          "data": "gyRmLLqbdbvwjvtNLv96YCj55rEqEq1wnmAkBGuybF4="
        }
      },
      "22": null,
      "23": null,
      "24": {
        "private": {
          "type": "Buffer",
          "data": "kDavyUA3DYsG+hkgvrgAkJdfizux8NoAG6b1jKmNR0E="
        },
        "public": {
          "type": "Buffer",
          "data": "Dr3BPhQhjqbytI2l5OMdOIgveQA/xScvG7T0Pe3CQBc="
        }
      },
      "25": {
        "private": {
          "type": "Buffer",
          "data": "8MO04dDJyyZnZPHUdefq1HR0FE9O6RmgQSuDuE8rRWg="
        },
        "public": {
          "type": "Buffer",
          "data": "7amB63ipW11wiuCrv0nnAWuJLEvLL6t+yk7DmidIX1M="
        }
      },
      "26": {
        "private": {
          "type": "Buffer",
          "data": "6E/EMP9eEWyDy+MlP9TJoxI4i640S+UlSlLxtI8MYFg="
        },
        "public": {
          "type": "Buffer",
          "data": "qEirwopeQ/VuZfsG8gspx8O99/TcEkn7UtQCgIV5rG8="
        }
      },
      "27": {
        "private": {
          "type": "Buffer",
          "data": "8AKe3lgy80d0/HUvuMEw7wXDfNhuqQAsDMeS1p9gLVs="
        },
        "public": {
          "type": "Buffer",
          "data": "BO9hRT8MrpzLeBNToUjD8FiQpdvKtGHWxdnHo0yO8UM="
        }
      },
      "28": null,
      "29": {
        "private": {
          "type": "Buffer",
          "data": "CMdjRs8D4jbfMEpQjYnyLuJxADp1c2szVLPbUdm6rlw="
        },
        "public": {
          "type": "Buffer",
          "data": "QvNxmJpT3HCooYeY5F6hszWgbNtGyiu5/ychDEXasxI="
        }
      },
      "30": {
        "private": {
          "type": "Buffer",
          "data": "6N5SjS6mrOD4H5w2iz4RKI3OznCVj43yGz8EcYweRUo="
        },
        "public": {
          "type": "Buffer",
          "data": "w97dDYc7QeBg3AkJvhYBjTmxc2FsQx2zFlezZLiLwxQ="
        }
      }
    },
    "sessions": {
      "628386409398.0": {
        "_sessions": {
          "BZkJ0qFrqIHXhf6CmPFvU31PBzjfqZEPp321UvP98oMn": {
            "registrationId": 476220592,
            "currentRatchet": {
              "ephemeralKeyPair": {
                "pubKey": "Bctv5cpz3wHLwvu8o0AcyT3d/azvgHOa/TEcLzBPj+cW",
                "privKey": "6COmBtD+x86R0eswE3lKNKZgnfBlsrqNUzhTROAI5WE="
              },
              "lastRemoteEphemeralKey": "BVo6weSwF6iA/6AVPzqxxPWqQ8LnGq2FXj2Yy1G0uYoc",
              "previousCounter": 1,
              "rootKey": "9U8944T4IPCrrBr8At47DCsJyyL4UoM3kq9IY2Hk9p8="
            },
            "indexInfo": {
              "baseKey": "BZkJ0qFrqIHXhf6CmPFvU31PBzjfqZEPp321UvP98oMn",
              "baseKeyType": 2,
              "closed": -1,
              "used": 1663152459022,
              "created": 1663152170565,
              "remoteIdentityKey": "BaJokzQnG5xIovcpOM/YKDgS3TiKznMliqL4iet3aJ0Z"
            },
            "_chains": {
              "Ba4m+87CfnJM5c/AESZdBAv8Jh2pO/m0QwfLJNIljbla": {
                "chainKey": {
                  "counter": 5
                },
                "chainType": 2,
                "messageKeys": {}
              },
              "Bc4KekwtGB7KuPUGQii60IEdOjy/Avg5NoqMe1xXg8kc": {
                "chainKey": {
                  "counter": 3
                },
                "chainType": 2,
                "messageKeys": {}
              },
              "BVo6weSwF6iA/6AVPzqxxPWqQ8LnGq2FXj2Yy1G0uYoc": {
                "chainKey": {
                  "counter": 8,
                  "key": "hYxBCGhoiApHvlTE2ffe3YOtmYes0XjVH048+G599qM="
                },
                "chainType": 2,
                "messageKeys": {}
              },
              "Bctv5cpz3wHLwvu8o0AcyT3d/azvgHOa/TEcLzBPj+cW": {
                "chainKey": {
                  "counter": 101,
                  "key": "/Rj0pf9IysIPiUGuhWz3KRkVb79yUY2mVyC5dZJltUE="
                },
                "chainType": 1,
                "messageKeys": {}
              }
            }
          }
        },
        "version": "v1"
      },
      "6285921165857.0": {
        "_sessions": {
          "BXAyqNMFnpa1i96dPgrVjlJucCWBR2MnaK7X3MrS0H8A": {
            "registrationId": 980483938,
            "currentRatchet": {
              "ephemeralKeyPair": {
                "pubKey": "BUNRGWbg8Psw/35qc6/LeYAxCm9UguRfpI7bKozToMNb",
                "privKey": "APo8EOZSmzRW5qxUPn/Xnvjk3ViqcOe6zlPD8lK0qXw="
              },
              "lastRemoteEphemeralKey": "BTjdIK6Hbv/55IcO5hzEXepSGCCnvYvHgv/XgcWqTCxH",
              "previousCounter": 0,
              "rootKey": "Sz7tDEA4c1HSeFEhra/B/wxzr2b8srA/rTS7u5KcsGM="
            },
            "indexInfo": {
              "baseKey": "BXAyqNMFnpa1i96dPgrVjlJucCWBR2MnaK7X3MrS0H8A",
              "baseKeyType": 2,
              "closed": -1,
              "used": 1663155278407,
              "created": 1663152282262,
              "remoteIdentityKey": "BVxf/ZuDpk1hMHsad5/XIcoqb1Fejp8f+66i2Dyb7IoY"
            },
            "_chains": {
              "BeWxbXvMTVUm2LLoAqmA5YRVubmNsUJ79XndcNPMohQT": {
                "chainKey": {
                  "counter": 0
                },
                "chainType": 2,
                "messageKeys": {}
              },
              "BbTvQPcz1JCXy/wV5Y5XBW47MEm7S40AwhjauKnjP5QX": {
                "chainKey": {
                  "counter": 0
                },
                "chainType": 2,
                "messageKeys": {}
              },
              "BbrcVnXbUYpaHAr7BUpIkLcBYGBi1T8r/D4NArocAQ92": {
                "chainKey": {
                  "counter": 0
                },
                "chainType": 2,
                "messageKeys": {}
              },
              "BZq1FMWTZ+z7Ys/nkFgLt/LHDosx92DTRfseB6Cdf+UT": {
                "chainKey": {
                  "counter": 0
                },
                "chainType": 2,
                "messageKeys": {}
              },
              "BWkBBBylUBXxLMT4Mqyiul8wjXI6Q0udymKIbqOX3C4x": {
                "chainKey": {
                  "counter": 1
                },
                "chainType": 2,
                "messageKeys": {}
              },
              "BWpS1XMg5y7Q/F6ik+9n7p7DnqJcCm0VgPi8KwV0eysy": {
                "chainKey": {
                  "counter": 0
                },
                "chainType": 2,
                "messageKeys": {}
              },
              "BRb9vnZu8VF43Xh13WwVrVO0R3dal+90sVJR0WkLQEhD": {
                "chainKey": {
                  "counter": 0
                },
                "chainType": 2,
                "messageKeys": {}
              },
              "BVMAkzcttSenv/iuhJukSVV+mz0qUek2B5ajzzkmrOAy": {
                "chainKey": {
                  "counter": 1
                },
                "chainType": 2,
                "messageKeys": {}
              },
              "BZmsutvkL8mcRosRidmiWMVopcV2TeXrz0ACTLUXnfsb": {
                "chainKey": {
                  "counter": 0
                },
                "chainType": 2,
                "messageKeys": {}
              },
              "Bdufq5R8ZAKW0ABWTkSInNXOGu3Cu0bNwVrYrp0HiEI+": {
                "chainKey": {
                  "counter": 0
                },
                "chainType": 2,
                "messageKeys": {}
              },
              "BdcQmMpebLkJuTK5G3OmeSNcEh/d761IomQri9Q8R94l": {
                "chainKey": {
                  "counter": 0
                },
                "chainType": 2,
                "messageKeys": {}
              },
              "Bdeb05LcwETEiGZLziLTRoYgxh/p14ZELwk9GG2Filh6": {
                "chainKey": {
                  "counter": 1
                },
                "chainType": 2,
                "messageKeys": {}
              },
              "BabXKoecjGdIfyuKRGSwMgoDJ3UaWuGq8CG1978hDf4k": {
                "chainKey": {
                  "counter": 0
                },
                "chainType": 2,
                "messageKeys": {}
              },
              "BTfF0j9wU+zy3Cc27ZvMSYEpavwL+wWcKkzzps5OgF8E": {
                "chainKey": {
                  "counter": 0
                },
                "chainType": 2,
                "messageKeys": {}
              },
              "BVVPjUKg5MWnCDoveMqqhDpIqdJhFoL+G7dlq1Wmsa1/": {
                "chainKey": {
                  "counter": 0
                },
                "chainType": 2,
                "messageKeys": {}
              },
              "BQqg13l73ZF75YPMytM8UvWpIgjM0ZpyzqqlLYKtVFsM": {
                "chainKey": {
                  "counter": 1
                },
                "chainType": 2,
                "messageKeys": {}
              },
              "BWoZsW6awDdp5jl5lVFGo1+xDArAef0humH69RLphb0M": {
                "chainKey": {
                  "counter": 0
                },
                "chainType": 2,
                "messageKeys": {}
              },
              "BZegdFqh3q40HCEwHWcZFqMg3qykZGx64A2/yPY4IB9X": {
                "chainKey": {
                  "counter": 1
                },
                "chainType": 2,
                "messageKeys": {}
              },
              "Bf8a35AaJoYomzjpt+BcD8brNmoEwp8AwepfdeKEjTYf": {
                "chainKey": {
                  "counter": 0
                },
                "chainType": 2,
                "messageKeys": {}
              },
              "BVTBFKfZ0Nx9r2FE77YljkUwx30wKsbJ8GEKzofgIdN7": {
                "chainKey": {
                  "counter": 0
                },
                "chainType": 2,
                "messageKeys": {}
              },
              "BevOVpsg0+9z14lFBRkmP77zwS89gY3DJJWuQqViytsb": {
                "chainKey": {
                  "counter": 2
                },
                "chainType": 2,
                "messageKeys": {}
              },
              "BQjPdzXJBbJhsWtN2QARSy2jsY+YSmyyncBa/2I5kbIW": {
                "chainKey": {
                  "counter": 0
                },
                "chainType": 2,
                "messageKeys": {}
              },
              "BS36PuwrSQNWfR+qQ06uZc9a2OkAAk+2uDPLuuzQZvxE": {
                "chainKey": {
                  "counter": 6
                },
                "chainType": 2,
                "messageKeys": {}
              },
              "BeSF+FcDu+61KzfyekxFd5nTIcT89MtsiGCSSgj4Ezwn": {
                "chainKey": {
                  "counter": 0
                },
                "chainType": 2,
                "messageKeys": {}
              },
              "BZrqGXIHqSr/JdjLNt+Bj0AAw4TolSS7EBBub4JocRl1": {
                "chainKey": {
                  "counter": 0
                },
                "chainType": 2,
                "messageKeys": {}
              },
              "Bap0w2rF2ZMWs5MwHHAT7icpqHY3E6m1hAq12qvnHs9x": {
                "chainKey": {
                  "counter": 0
                },
                "chainType": 2,
                "messageKeys": {}
              },
              "BYSZHXWwCDVQxBTLlW4HaoM0dewgBd2e0wk9IzeJ9wo+": {
                "chainKey": {
                  "counter": 0
                },
                "chainType": 2,
                "messageKeys": {}
              },
              "BTYBLL/UJI3UMsZj9HWdtSd7EeRxeJF71uUvFfrSvKhp": {
                "chainKey": {
                  "counter": 1
                },
                "chainType": 2,
                "messageKeys": {}
              },
              "BZrGej+YqcBMiVPi/bIzmH/hjnRPgHUXl8Tn/Mz2cl84": {
                "chainKey": {
                  "counter": 2
                },
                "chainType": 2,
                "messageKeys": {}
              },
              "BZcAo/Ht0JEzcSj7NZUjPdfvjSV+7ixLPCmr3ehae/w/": {
                "chainKey": {
                  "counter": 0
                },
                "chainType": 2,
                "messageKeys": {}
              },
              "BdHBBazAV+pX3OHiV7KmWGs4NKOVI1T4qrOk5x5uoHlv": {
                "chainKey": {
                  "counter": 2
                },
                "chainType": 2,
                "messageKeys": {}
              },
              "BSGOf+9dDw7/ez+95AdFXOMTeq+fDlqsghVbiYGGUANZ": {
                "chainKey": {
                  "counter": 3
                },
                "chainType": 2,
                "messageKeys": {}
              },
              "Bez0RUVVmQU9Bcrkwxr/UwrmGgsYnSotTxVhXVs7CCUj": {
                "chainKey": {
                  "counter": 0
                },
                "chainType": 2,
                "messageKeys": {}
              },
              "BRwJMNmcB6yk9pIw8phW26lnRvqc1GH5SWkZf1y8kVYu": {
                "chainKey": {
                  "counter": 1
                },
                "chainType": 2,
                "messageKeys": {}
              },
              "BcQ81HcmBhnzdtCpqA9yV/4IJ9HTEnVcbSxYJ6gPogMM": {
                "chainKey": {
                  "counter": 2
                },
                "chainType": 2,
                "messageKeys": {}
              },
              "BfhKFoj00qdz9QuBBjxFhxXYdJZ+vd/ADIQ3xOFquDds": {
                "chainKey": {
                  "counter": 0
                },
                "chainType": 2,
                "messageKeys": {}
              },
              "BX3w4s52w3bHMuKb70qfDOTQSv5BYaQzv70uHBNilWIC": {
                "chainKey": {
                  "counter": 1
                },
                "chainType": 2,
                "messageKeys": {}
              },
              "BTRm1KsLtV2zDZcQCM6PRV3iOMTMHXZ9Wp7XmgNTXXkG": {
                "chainKey": {
                  "counter": 3
                },
                "chainType": 2,
                "messageKeys": {}
              },
              "BWy6SGxX5JUOpwyZphniJ2j2z/BVfpFkRpvcr26dh7tJ": {
                "chainKey": {
                  "counter": 0
                },
                "chainType": 2,
                "messageKeys": {}
              },
              "BV4Y4/bkEry/NCG7CXSpl8+GBFCz2/RfeKtmKBeWnksl": {
                "chainKey": {
                  "counter": 0
                },
                "chainType": 2,
                "messageKeys": {}
              },
              "Beqpzs90EmW86VcaBCCk2H4H+Y/5GewH9Dpks+KnCsB5": {
                "chainKey": {
                  "counter": 1
                },
                "chainType": 2,
                "messageKeys": {}
              },
              "BSi2AXNEQ1vEy9NRcC81huEQbQdeKoNOHHmMU21gT5lD": {
                "chainKey": {
                  "counter": 0
                },
                "chainType": 2,
                "messageKeys": {}
              },
              "BTjdIK6Hbv/55IcO5hzEXepSGCCnvYvHgv/XgcWqTCxH": {
                "chainKey": {
                  "counter": 0,
                  "key": "l1QGGDwWWPXm2jAgW9OWXz5WEYfPF+zgX+dwyuSOZjQ="
                },
                "chainType": 2,
                "messageKeys": {}
              },
              "BUNRGWbg8Psw/35qc6/LeYAxCm9UguRfpI7bKozToMNb": {
                "chainKey": {
                  "counter": -1,
                  "key": "SeRb+jI2niCT51Z+KGIGjjCaiPnga8lNqu7GYmGdGOE="
                },
                "chainType": 1,
                "messageKeys": {}
              }
            }
          }
        },
        "version": "v1"
      },
      "628386409398:14.0": {
        "_sessions": {
          "BaWy8oPScZqVcY980D3P3vaEzTzD1TaJHHH5qd3j4kkE": {
            "registrationId": 70,
            "currentRatchet": {
              "ephemeralKeyPair": {
                "pubKey": "BUuVIyYychrlZrNBeHplE/nStw4xkA1/LaThmJRQFcZP",
                "privKey": "KJkLFXy0I5uLGLCw7185KN3k6h20xrX9Ikl3TqCtClE="
              },
              "lastRemoteEphemeralKey": "BVxceu3oFhka1VIly8tdX19P/V6TOsvXKdfpurN9hUsa",
              "previousCounter": 0,
              "rootKey": "T1oey/ov38MWikx6RXu6ElmCuG8+E2FgiMzv0VGmvPA="
            },
            "indexInfo": {
              "baseKey": "BaWy8oPScZqVcY980D3P3vaEzTzD1TaJHHH5qd3j4kkE",
              "baseKeyType": 1,
              "closed": -1,
              "used": 1663152285395,
              "created": 1663152285395,
              "remoteIdentityKey": "BXIqbMJg3TxnIj0Z/idbLTOjagnlHH2DYwX2u2WmKNcI"
            },
            "_chains": {
              "BUuVIyYychrlZrNBeHplE/nStw4xkA1/LaThmJRQFcZP": {
                "chainKey": {
                  "counter": 105,
                  "key": "i+Fb0KdNHQPwnBozxZxwE43DunnAhuWcjI7LY/vR3ZY="
                },
                "chainType": 1,
                "messageKeys": {}
              }
            },
            "pendingPreKey": {
              "signedKeyId": 1,
              "baseKey": "BaWy8oPScZqVcY980D3P3vaEzTzD1TaJHHH5qd3j4kkE"
            }
          }
        },
        "version": "v1"
      },
      "628813803282.0": {
        "_sessions": {
          "BTFk/OJuIdrz7lggGVSG5BSQEkUfe3uUEwufOdMQjRBj": {
            "registrationId": 1211098893,
            "currentRatchet": {
              "ephemeralKeyPair": {
                "pubKey": "BUGHY8h1NQhFzU/wlX/fabheQBRmVAWaLMALvVHryFUN",
                "privKey": "SExCxIK+bFF3mt9u1BSFbf1SAffyevFEuvsQbubBKl0="
              },
              "lastRemoteEphemeralKey": "BfdrhbVgbCjTkfpdmR63UUj3sTwQtJL6pFiGNavzObsF",
              "previousCounter": 0,
              "rootKey": "25F8xwHZ406pirMLD5m2NDqBlFfDO815nJLmxu93TXI="
            },
            "indexInfo": {
              "baseKey": "BTFk/OJuIdrz7lggGVSG5BSQEkUfe3uUEwufOdMQjRBj",
              "baseKeyType": 2,
              "closed": -1,
              "used": 1663152313501,
              "created": 1663152313501,
              "remoteIdentityKey": "Bfewahii4O1VD1lfIdi3kC8Mt23hsIU9y7Qm9fBxSyQl"
            },
            "_chains": {
              "BfdrhbVgbCjTkfpdmR63UUj3sTwQtJL6pFiGNavzObsF": {
                "chainKey": {
                  "counter": 0,
                  "key": "h0xZXiXvLSVDqbFbEOcNn+8cxkSEvyTb+DdvodxA9qk="
                },
                "chainType": 2,
                "messageKeys": {}
              },
              "BUGHY8h1NQhFzU/wlX/fabheQBRmVAWaLMALvVHryFUN": {
                "chainKey": {
                  "counter": -1,
                  "key": "KqFtjfibE0MBTpU3tIVqFRvPIaQpH7pA8ZaDCow9SLM="
                },
                "chainType": 1,
                "messageKeys": {}
              }
            }
          }
        },
        "version": "v1"
      },
      "6283195466794.0": {
        "_sessions": {
          "Bfmiq5pB29UgAkqxDhW5XIPxUBLDKXluT+ads/ZMPyJE": {
            "registrationId": 103574707,
            "currentRatchet": {
              "ephemeralKeyPair": {
                "pubKey": "BSkDihihP+iZPesVKW3PjSXz3YPKjn7EqyaLfcvOOoxS",
                "privKey": "CNXdlV/CYWdFBbHZr/5Majhk2mUj7jPSIMj/ZStyZlc="
              },
              "lastRemoteEphemeralKey": "BV6teFL1ee7yvK5GDPNMLsAq1/0ShOw2HXQb80vp3nYS",
              "previousCounter": 0,
              "rootKey": "mEyReencCnN8H4zL5/bCQpWScHrSFW70mr9GpoSm5xs="
            },
            "indexInfo": {
              "baseKey": "Bfmiq5pB29UgAkqxDhW5XIPxUBLDKXluT+ads/ZMPyJE",
              "baseKeyType": 2,
              "closed": -1,
              "used": 1663152458916,
              "created": 1663152458915,
              "remoteIdentityKey": "BdRB3TbGM4LPKcKrbr6BeC20rs+ydnZQVKfZEMXauDkZ"
            },
            "_chains": {
              "BV6teFL1ee7yvK5GDPNMLsAq1/0ShOw2HXQb80vp3nYS": {
                "chainKey": {
                  "counter": 0,
                  "key": "amINQNEXTtRsSJKHHSWui/FgaCpa4d8qkWXQ/500PBg="
                },
                "chainType": 2,
                "messageKeys": {}
              },
              "BSkDihihP+iZPesVKW3PjSXz3YPKjn7EqyaLfcvOOoxS": {
                "chainKey": {
                  "counter": -1,
                  "key": "MLAHWzGHeFxRtnUc//mXA+IVp5rwcu4atwS52NWWaRk="
                },
                "chainType": 1,
                "messageKeys": {}
              }
            }
          }
        },
        "version": "v1"
      },
      "628996066996.0": {
        "_sessions": {
          "BUIRX3f5sN6h6DZS3zor1EXuvPQVUZpWzKYGLCMk37I7": {
            "registrationId": 751533042,
            "currentRatchet": {
              "ephemeralKeyPair": {
                "pubKey": "BfxV1Q24HTuFgYI5sF7iQVullT1248rNKQmdo0uF7wcK",
                "privKey": "OLw9dN8hSBl8vYUnhfmoUcwEdn5pXZccEkAWrkJ8LX8="
              },
              "lastRemoteEphemeralKey": "BVVkgzClyifSHVafn8JecXJb2wdxHqHwbJnskgepCZwF",
              "previousCounter": 2,
              "rootKey": "akTXOsLQ9VPseQAM2/jmFKOfd/JYNaWyB7w2NDAOW6k="
            },
            "indexInfo": {
              "baseKey": "BUIRX3f5sN6h6DZS3zor1EXuvPQVUZpWzKYGLCMk37I7",
              "baseKeyType": 2,
              "closed": -1,
              "used": 1663153536331,
              "created": 1663153072406,
              "remoteIdentityKey": "BWn8EJrKUg9oG8dIrFG3QmPnnOPGZK/571QPbrSW3yEo"
            },
            "_chains": {
              "BTOoL+1kFLrmgtjgYS8j0Ba2aaoQ5nzSZC4h3goH+L03": {
                "chainKey": {
                  "counter": 0
                },
                "chainType": 2,
                "messageKeys": {}
              },
              "Bcjo364swt3YfMqVjnM53zLU7+a6e4PZRhHWqUfz8g8G": {
                "chainKey": {
                  "counter": 0
                },
                "chainType": 2,
                "messageKeys": {}
              },
              "BREq08VtChP0v/pTMKxJxNXq4lrCRF0LgzNwOsqhJCpX": {
                "chainKey": {
                  "counter": 0
                },
                "chainType": 2,
                "messageKeys": {}
              },
              "BRAUw/M2TSqyQupCJp4G0RJmM81PpzLMXE5dOicwtaom": {
                "chainKey": {
                  "counter": 0
                },
                "chainType": 2,
                "messageKeys": {}
              },
              "BZ4dUp9uiNzne1XE9nYb7poSXXAH3SXJ+Zw6DFC/qSYZ": {
                "chainKey": {
                  "counter": 1
                },
                "chainType": 2,
                "messageKeys": {}
              },
              "BXMgQmaYksKzTlMFHurlul6SChbyfdVlAG8/fescGEw1": {
                "chainKey": {
                  "counter": 0
                },
                "chainType": 2,
                "messageKeys": {}
              },
              "BQ8oKxUHAzWtcAxqdAL8gvVlcoKqwdldYyCU8l4yzUUb": {
                "chainKey": {
                  "counter": 1
                },
                "chainType": 2,
                "messageKeys": {}
              },
              "Bd7JDcwPaFVo9pxwGWlpTVX1G/R3E/1BnD6SvIo3kNo4": {
                "chainKey": {
                  "counter": 0
                },
                "chainType": 2,
                "messageKeys": {}
              },
              "BY+A8+On38mKxeTbBq88fxRjGbVwpVAdlIWw22PTZuJ9": {
                "chainKey": {
                  "counter": 0
                },
                "chainType": 2,
                "messageKeys": {}
              },
              "BVVkgzClyifSHVafn8JecXJb2wdxHqHwbJnskgepCZwF": {
                "chainKey": {
                  "counter": 1,
                  "key": "5E82TFVe+tTNe0Cer3ME3EbHkls9Z0LxebNaz/nvt0I="
                },
                "chainType": 2,
                "messageKeys": {}
              },
              "BfxV1Q24HTuFgYI5sF7iQVullT1248rNKQmdo0uF7wcK": {
                "chainKey": {
                  "counter": 7,
                  "key": "0Objovw4T7sUnvKDjvkE8w+Fr/hg2a0vIq8tRzgSk9o="
                },
                "chainType": 1,
                "messageKeys": {}
              }
            }
          }
        },
        "version": "v1"
      },
      "6281349152362.0": {
        "_sessions": {
          "BYHizdXQN8wigHPS/HVn/tU3VtPfzTBn0jSP07Yci7d6": {
            "registrationId": 1686582265,
            "currentRatchet": {
              "ephemeralKeyPair": {
                "pubKey": "BWpJjxaVBkz0XktytJ/mWBGmEuo+XDkgIQVz+IQ67Dlc",
                "privKey": "KOSErMZ/9N8FfrarZwZosdTgQkPRmxT0GHFcyetnOUo="
              },
              "lastRemoteEphemeralKey": "BV9NiP7QioWB/k0aJU77gOtBg7U8V6fNresF9OMRXvAO",
              "previousCounter": 0,
              "rootKey": "pka5Gpj0J+buKgxVtjbykPuTPxHyhv09HIhzcCI6yfo="
            },
            "indexInfo": {
              "baseKey": "BYHizdXQN8wigHPS/HVn/tU3VtPfzTBn0jSP07Yci7d6",
              "baseKeyType": 2,
              "closed": -1,
              "used": 1663154680431,
              "created": 1663153943413,
              "remoteIdentityKey": "Bde3p/QMmfaU+ODNbRz0T7Iegl52tKMj4XcEpN2qOcNS"
            },
            "_chains": {
              "BfXxvGC44mtW6GZ0LXzty0R1KVjC2WcBw/kHKauQze8P": {
                "chainKey": {
                  "counter": 0
                },
                "chainType": 2,
                "messageKeys": {}
              },
              "BUxuizKqvt1NoftyEv3omrLjvBybrBtjrTkyk8oH7ZkH": {
                "chainKey": {
                  "counter": 0
                },
                "chainType": 2,
                "messageKeys": {}
              },
              "BTyGAEWTqc/iCiGynChtD+RuK4GB9GZCHjhlXfl2+GVx": {
                "chainKey": {
                  "counter": 0
                },
                "chainType": 2,
                "messageKeys": {}
              },
              "BQ+loH3TjufCHmhHJVOK+eyrPz5UwIlmQ7nsKBwN+9Im": {
                "chainKey": {
                  "counter": 0
                },
                "chainType": 2,
                "messageKeys": {}
              },
              "BUaiK8YutlSWNK/YQI5vxXOJ66oVEv2rsHwrgCwfhX41": {
                "chainKey": {
                  "counter": 0
                },
                "chainType": 2,
                "messageKeys": {}
              },
              "BUQ+ikt032pzl0GZmem92V+LUUV2wLmG8zeZxZYuJwNO": {
                "chainKey": {
                  "counter": 0
                },
                "chainType": 2,
                "messageKeys": {}
              },
              "BX4wmdmpUJQ5UmZktcM6Mfca7CAvMRn8lxcV6cOemO5L": {
                "chainKey": {
                  "counter": 0
                },
                "chainType": 2,
                "messageKeys": {}
              },
              "BQ7dk8meq13CK2Fsi683r0z0GsaeVHyqILOg9n2tWf5l": {
                "chainKey": {
                  "counter": 0
                },
                "chainType": 2,
                "messageKeys": {}
              },
              "BZCWRq3X+pnUCZ6X6E6VSgJp2zKbQDwCXIIqpZwMk1wy": {
                "chainKey": {
                  "counter": 2
                },
                "chainType": 2,
                "messageKeys": {}
              },
              "BWZXIbwzNKu1LdB+aE1XgsJTPz50/fVnxGCo3oTYalV1": {
                "chainKey": {
                  "counter": 0
                },
                "chainType": 2,
                "messageKeys": {}
              },
              "BfKT5DMeRjJJMzYsO76JPgdeU+fhEyc7qEontWtHWLVk": {
                "chainKey": {
                  "counter": 2
                },
                "chainType": 2,
                "messageKeys": {}
              },
              "BWvpyx5Z/5F8zCHn7q5OApwFdgSKtV2TVPCwG/Bpgkpu": {
                "chainKey": {
                  "counter": 1
                },
                "chainType": 2,
                "messageKeys": {}
              },
              "BYHnRK+LHDCVDibIUotC0ZZziwIFNPTegTTz/JA4kyFA": {
                "chainKey": {
                  "counter": 0
                },
                "chainType": 2,
                "messageKeys": {}
              },
              "BV9NiP7QioWB/k0aJU77gOtBg7U8V6fNresF9OMRXvAO": {
                "chainKey": {
                  "counter": 0,
                  "key": "lZRCMDwqMjtb9oQVMlwOs8gLSkvDzjIHdw0auKaCKyo="
                },
                "chainType": 2,
                "messageKeys": {}
              },
              "BWpJjxaVBkz0XktytJ/mWBGmEuo+XDkgIQVz+IQ67Dlc": {
                "chainKey": {
                  "counter": -1,
                  "key": "xHD6sqbJWsDij1cTlHtn8mEufFY4hpE8gkyXoWYoe1A="
                },
                "chainType": 1,
                "messageKeys": {}
              }
            }
          }
        },
        "version": "v1"
      },
      "6285803411325.0": {
        "_sessions": {
          "BbIxpK0sL1LLW8rWADCmrWV66Q+T8xSrsIjygKGztrAN": {
            "registrationId": 1079382329,
            "currentRatchet": {
              "ephemeralKeyPair": {
                "pubKey": "Ba186UneKRiGBPVvQ15dQc4rnFeX6MxWeLBkAwF+atcn",
                "privKey": "4JBUR43O1QMeXeQa7N4Yzl8iESV/WAhbicNtlXkv5Xc="
              },
              "lastRemoteEphemeralKey": "BZDrNxcLR7qimV9q2zWelwDkVZyhmairLwJIu6rj3e1W",
              "previousCounter": 0,
              "rootKey": "3Td4cBCIVZz0WluAWCcGgLkKc/rBMMS8uojdK7mTi20="
            },
            "indexInfo": {
              "baseKey": "BbIxpK0sL1LLW8rWADCmrWV66Q+T8xSrsIjygKGztrAN",
              "baseKeyType": 2,
              "closed": -1,
              "used": 1663154070017,
              "created": 1663154070017,
              "remoteIdentityKey": "BXPLLpNH7T0z2rZe681dp0C6H+xqC1rB+fSCFA7XQ+YD"
            },
            "_chains": {
              "BZDrNxcLR7qimV9q2zWelwDkVZyhmairLwJIu6rj3e1W": {
                "chainKey": {
                  "counter": 0,
                  "key": "xNwrUCaANvzlgPV3UTN1Lt1FeydYWO8CnP5YVUBk6OU="
                },
                "chainType": 2,
                "messageKeys": {}
              },
              "Ba186UneKRiGBPVvQ15dQc4rnFeX6MxWeLBkAwF+atcn": {
                "chainKey": {
                  "counter": -1,
                  "key": "FMDiC1pWLVVqOmo5J7UXSeJKeOFvpaw60Aoaa5cpjnA="
                },
                "chainType": 1,
                "messageKeys": {}
              }
            }
          }
        },
        "version": "v1"
      },
      "6282290593865.0": {
        "_sessions": {
          "BQ3qdIMoPYFKb9aAVCMSKs15d7USUKZbXsIdUCy/mq4O": {
            "registrationId": 47819438,
            "currentRatchet": {
              "ephemeralKeyPair": {
                "pubKey": "BbUSXqIPaqE7rYKSfo2uGNS9yaPChAHGz8ZGuKWgfaYq",
                "privKey": "2DKE6/i9ZdGrtNm0611V8DTMJyALbGqUE9idAT7+KHY="
              },
              "lastRemoteEphemeralKey": "BUbe9NTr/sJRs90Ez6dqX+4DvoJ5yjsny5fYZ0XZKDkd",
              "previousCounter": 0,
              "rootKey": "dgHIdlejbqqLDw5+qdThCk3PaBR4HxTbj9TRg25gyqM="
            },
            "indexInfo": {
              "baseKey": "BQ3qdIMoPYFKb9aAVCMSKs15d7USUKZbXsIdUCy/mq4O",
              "baseKeyType": 2,
              "closed": -1,
              "used": 1663154396659,
              "created": 1663154396659,
              "remoteIdentityKey": "Bd+MiWV2oUxez6IB0AyQ2nCZFwZh7vZ1fMsj9XykVRYy"
            },
            "_chains": {
              "BUbe9NTr/sJRs90Ez6dqX+4DvoJ5yjsny5fYZ0XZKDkd": {
                "chainKey": {
                  "counter": 0,
                  "key": "NNsCIshQAyGHSjGwXaE1Icpwk6OS8wlc8arK0REgzww="
                },
                "chainType": 2,
                "messageKeys": {}
              },
              "BbUSXqIPaqE7rYKSfo2uGNS9yaPChAHGz8ZGuKWgfaYq": {
                "chainKey": {
                  "counter": -1,
                  "key": "8+iPIAXG2B9XUttjS2fw3/yzVKxgwIhVcSww5h1kZ4s="
                },
                "chainType": 1,
                "messageKeys": {}
              }
            }
          }
        },
        "version": "v1"
      },
      "6283865444700.0": {
        "_sessions": {
          "BcYO5oJctrfRwPrX/0Xh1PQVPPzWkjWXQX/R2VYzhbY9": {
            "registrationId": 1296315150,
            "currentRatchet": {
              "ephemeralKeyPair": {
                "pubKey": "BYsiNKmekzP83kd0K4nYSm170VRwmRQlrQlwJFPVxnli",
                "privKey": "cNFWploKu4mYNumAB7CIvcRs6A2TO3ybt6yGdX+j0mk="
              },
              "lastRemoteEphemeralKey": "Bb/LhTwxMBtDyNWlKY7t5Hfs4RkezUL0Dp45AWJJ24U9",
              "previousCounter": 0,
              "rootKey": "fNZRXdAdbCHW63IA/hHFGLNZt0cBPNFfDmub/p37faU="
            },
            "indexInfo": {
              "baseKey": "BcYO5oJctrfRwPrX/0Xh1PQVPPzWkjWXQX/R2VYzhbY9",
              "baseKeyType": 2,
              "closed": -1,
              "used": 1663154545327,
              "created": 1663154545327,
              "remoteIdentityKey": "BZwbpAH6mFRgo9+M9/21mj1COPB00zA6lffNCAD3WdVS"
            },
            "_chains": {
              "Bb/LhTwxMBtDyNWlKY7t5Hfs4RkezUL0Dp45AWJJ24U9": {
                "chainKey": {
                  "counter": 0,
                  "key": "JFxuTU7rT57qxd+v4IZRLi2SEnUgUPJ3XjWjNfVrb28="
                },
                "chainType": 2,
                "messageKeys": {}
              },
              "BYsiNKmekzP83kd0K4nYSm170VRwmRQlrQlwJFPVxnli": {
                "chainKey": {
                  "counter": -1,
                  "key": "pygi1xwKPcisyyWXVshAldfXsGK1QWNUEd5AcNZT/FY="
                },
                "chainType": 1,
                "messageKeys": {}
              }
            }
          }
        },
        "version": "v1"
      },
      "6285894213170.0": {
        "_sessions": {
          "BRbdX4koUJImUnMTFqV9MEqVOElA3ifDLyLVNyc9N8ts": {
            "registrationId": 2088596385,
            "currentRatchet": {
              "ephemeralKeyPair": {
                "pubKey": "BdBxNVVOPbGFHiHwot1zuazZjmi5L2eJsdiQWh4h+L15",
                "privKey": "uDFJk8mfHEHOaL/ZdLHsIgJ8MpOehjUguYIId6r5uWc="
              },
              "lastRemoteEphemeralKey": "BVyU3okrdiNfAWwAB/bjyd/5YjqbIiijCB0FNpxaXckN",
              "previousCounter": 0,
              "rootKey": "pDK54Rsew7OtpBrAYMngMJ9GiAohfiPldc8sSEBh/Ew="
            },
            "indexInfo": {
              "baseKey": "BRbdX4koUJImUnMTFqV9MEqVOElA3ifDLyLVNyc9N8ts",
              "baseKeyType": 2,
              "closed": -1,
              "used": 1663155136333,
              "created": 1663155136333,
              "remoteIdentityKey": "BbYdq8L8nsdtijLvdKBd8OylPOqFG8cM2RFv4BGvHbsn"
            },
            "_chains": {
              "BVyU3okrdiNfAWwAB/bjyd/5YjqbIiijCB0FNpxaXckN": {
                "chainKey": {
                  "counter": 0,
                  "key": "KgPv+vHOVgbtS7ywtWwaEE8+avH38p5Kt8PhOrATV0s="
                },
                "chainType": 2,
                "messageKeys": {}
              },
              "BdBxNVVOPbGFHiHwot1zuazZjmi5L2eJsdiQWh4h+L15": {
                "chainKey": {
                  "counter": -1,
                  "key": "2Kvb//Rypz4MFCNmB0dPHnqaoLjt6+FRINI0UvWFvzU="
                },
                "chainType": 1,
                "messageKeys": {}
              }
            }
          }
        },
        "version": "v1"
      }
    },
    "appStateSyncKeys": {
      "AAAAADuA": {
        "keyData": "Wq3WNUp1VriS/rxHMuuxkDvrNLgRWZLon4/0OsU/XVs=",
        "fingerprint": {
          "rawId": 1142152474,
          "currentIndex": 15,
          "deviceIndexes": [
            0,
            12,
            13,
            15
          ]
        },
        "timestamp": "1661606552131"
      },
      "AAAAADuB": {
        "keyData": "nab4UetpnC3zdx4Xuw+kRqr2rDAeMF62KQqhWy5LArY=",
        "fingerprint": {
          "rawId": 1142152474,
          "currentIndex": 15,
          "deviceIndexes": [
            0,
            12,
            15
          ]
        },
        "timestamp": "1661855450398"
      },
      "AAAAADt+": {
        "keyData": "CkIL9V1dxZGHSiMCZP60uJc4b6TBjmMFEzI5AqUA3no=",
        "fingerprint": {
          "rawId": 1142152474,
          "currentIndex": 13,
          "deviceIndexes": [
            0,
            11,
            12,
            13
          ]
        },
        "timestamp": "0"
      },
      "AAAAADt/": {
        "keyData": "ltacBCg0ZesZL2bpFgQ0TqEcxvh20OxHx8VoG5DXrOI=",
        "fingerprint": {
          "rawId": 1142152474,
          "currentIndex": 15,
          "deviceIndexes": [
            0,
            12,
            13,
            14,
            15
          ]
        },
        "timestamp": "1661606548117"
      },
      "AAAAADt8": {
        "keyData": "Mzz5dIGVJMur2RvoJZTdbRHTV9C9HgIOuz+j31GGyuo=",
        "fingerprint": {
          "rawId": 1142152474,
          "currentIndex": 12,
          "deviceIndexes": [
            0,
            7,
            10,
            11,
            12
          ]
        },
        "timestamp": "0"
      },
      "AAAAADt9": {
        "keyData": "yz86iZ7YfEzVucUPTKwyx+06edOVVrvggYXJuWBJpOo=",
        "fingerprint": {
          "rawId": 1142152474,
          "currentIndex": 13,
          "deviceIndexes": [
            0,
            10,
            11,
            12,
            13
          ]
        },
        "timestamp": "1660122821695"
      },
      "AAAAADt6": {
        "keyData": "IPnhOXLsagy8+gt7gKYP6Pu9m8h8/3yF74tSxAmBflE=",
        "fingerprint": {
          "rawId": 1142152474,
          "currentIndex": 10,
          "deviceIndexes": [
            0,
            4,
            5,
            7,
            10
          ]
        },
        "timestamp": "1659536188136"
      },
      "AAAAADt7": {
        "keyData": "oFaayOtaUixupJU91zO5DXCUWJuhCP3hWjVGfSwm9ZQ=",
        "fingerprint": {
          "rawId": 1142152474,
          "currentIndex": 11,
          "deviceIndexes": [
            0,
            5,
            7,
            10,
            11
          ]
        },
        "timestamp": "1659538770012"
      },
      "AAAAADt4": {
        "keyData": "l+bB8YCnxGkM/JzjtfXuKUAQj9+q3DpEiLuu/zv3Fgw=",
        "fingerprint": {
          "rawId": 1142152474,
          "currentIndex": 6,
          "deviceIndexes": [
            0,
            3,
            4,
            5,
            6
          ]
        },
        "timestamp": "1659093105374"
      },
      "AAAAADt5": {
        "keyData": "0eC3gxT1SJdKB7FOLwR3YwwDLn5hoYBvKBm6oEYKQMo=",
        "fingerprint": {
          "rawId": 1142152474,
          "currentIndex": 7,
          "deviceIndexes": [
            0,
            3,
            4,
            5,
            7
          ]
        },
        "timestamp": "1659524257258"
      },
      "AAAAADt2": {
        "keyData": "E4fr4i6uiHC2pmCFTBMNoqLr0avll/cq8WO3/iqcWrw=",
        "fingerprint": {
          "rawId": 1142152474,
          "currentIndex": 1,
          "deviceIndexes": [
            0,
            1
          ]
        },
        "timestamp": "1658010723705"
      },
      "AAAAADt3": {
        "keyData": "//x/rrbFGdj0KJaVKfGSJLkNBuELvx8Bx2EwtRMewUo=",
        "fingerprint": {
          "rawId": 1142152474,
          "currentIndex": 4,
          "deviceIndexes": [
            0,
            1,
            3,
            4
          ]
        },
        "timestamp": "0"
      }
    },
    "appStateVersions": {
      "regular": {
        "version": 11,
        "hash": {
          "type": "Buffer",
          "data": "MZ42h0nbJKoZZygzVB18/YS24wVlQ80Ns4eP2oGgqbrEBVTzph0PXnbHLFvpd2PcY2sDzMmoUurmHJPAYnseXY+ABG0Tdx9sxHnYNMNJt6+tl8ir+2Jg/pp9YViZ2bt1XZWYFmPYXFG3yhikTRK06qBPuUF8+xrwgnFa0diHPB4="
        },
        "indexValueMap": {
          "Lem5WNzkGUVC35h6CjtU9CO+OP6p43M/eycrYuTU5DE=": {
            "valueMac": {
              "type": "Buffer",
              "data": "1neRwBZf5g0OyUvUqxSxu/SPJ8ST4ZsoWuIyisdjbE0="
            }
          },
          "c7oPfEtvvqS506+x+1PxJacYU2SKfCnCRXQPwMsBS6s=": {
            "valueMac": {
              "type": "Buffer",
              "data": "U7Kl4dBbRkTVbBaTTBMph2IWj0oHHb0u8JDfxYxBWco="
            }
          }
        }
      },
      "critical_unblock_low": {
        "version": 10,
        "hash": {
          "type": "Buffer",
          "data": "gNnXruguRujWhRTYe9g4wqkXmU1PsrROIJWr3kSfGVWt/8+GTbnpdw5NGRqEdN3nNEKb6IVdAObCGRlrlNRKUbaqE+dvUdzZWKq+G2qm6h1EjgJIYe72g+wUMc+19Vnp5Y2uzKoMqcH0Z4OAIqo6EKY1z6f4lDEdXlYqGufoM4I="
        },
        "indexValueMap": {
          "/p0LNNQLSu7Hz4zmwVtK6dYzLwRVOlKDnR6juPT0BCQ=": {
            "valueMac": {
              "type": "Buffer",
              "data": "MbhB/dDmsH5CILQb/oPiRov9rjwNBo/FbYV6s5/hHd8="
            }
          }
        }
      },
      "regular_low": {
        "version": 32,
        "hash": {
          "type": "Buffer",
          "data": "AL/7ae5mSCKA/Xd9vKJL6RbK5cKHxc5vsNBiagKn2rzd3scO3sM/0K5rRg9SDcIb2iDM8gF3DifmqWaMSHyI7mteVRp3SNRQgopA0RZ5byH08y5S/h9d/a32rRM40gyP0t9d7/ZOcVKDFT6hpWpsj918HQKes/l1dWLTjigD0vs="
        },
        "indexValueMap": {
          "AapT/L1iYbT9Scle6j60N36AMkiFHWR4/qxJn6EzL/U=": {
            "valueMac": {
              "type": "Buffer",
              "data": "Kt8qUWsqqPO7hRO+EdQhoOv7X697apaObroLLEBRieU="
            }
          },
          "A8pFtOkzARoxBcZPRgqDGZ5E/4Ziwz/qfMubWfnn3Uo=": {
            "valueMac": {
              "type": "Buffer",
              "data": "VM46oOm+cD91e1Koe28I1AS09dlrkiwi0tq/Yd5v4eY="
            }
          },
          "Bbw+SZ8UYrUPtNKbggaOjKSwqoR/AGSDmDubnVB9IDo=": {
            "valueMac": {
              "type": "Buffer",
              "data": "2EgMOvgRbZPY8t4mzPcJSOKGVplJAp6tFqnZoqmxFSk="
            }
          },
          "Clv66d0rRaAwwZ+c6I1vaaDtvjswIJO6ndUY9ePIi7Y=": {
            "valueMac": {
              "type": "Buffer",
              "data": "eAAq2O3iute9n/OtPtpcEQFidv8ARVXSVyLBYvyLLcM="
            }
          },
          "DSWHY2uhlamFqQkJXtRiCckYJtN7RVYdZ+VtQw66wuQ=": {
            "valueMac": {
              "type": "Buffer",
              "data": "+KTQJDLdpYfsZZFDzdJtmY0tMW3Lr8I8MdY2hmpLEt4="
            }
          },
          "ESZ+YSVIse6SH0Xgby1OPBeiXRpoAiLI8BAF8Q1Ni+E=": {
            "valueMac": {
              "type": "Buffer",
              "data": "F8CH0mFBnaVzeU31l5ekiYgbQva4VNsYsWF1jxH2r+8="
            }
          },
          "FLSxSI+a4oSJ4aV60dC18EHzNOs+FosrGghWjgo3diE=": {
            "valueMac": {
              "type": "Buffer",
              "data": "DEN2j2UnsMAxhAlQbFba6NgmBpsulqcvtPKtG7A7ml8="
            }
          },
          "FSOuxD5n6+nslrvkJis4TSzTW+yXyZJSUAqePaxmeIw=": {
            "valueMac": {
              "type": "Buffer",
              "data": "Ci6/x3G4SFj9a5l26SGI+gWSO7IjTDVUbGxb+/pbhsc="
            }
          },
          "Fsw/9n/McWSARLYAixe5NyvpCD9sngNYO6UEumXALC0=": {
            "valueMac": {
              "type": "Buffer",
              "data": "UwBX3DcFneW5YpU4GaqEk3bDJZPn5oaVLv9AL3VPN/Q="
            }
          },
          "Fy60qlTyr5v+gvZf5hr5APe71ZpkXmCmtA2WkgJup0w=": {
            "valueMac": {
              "type": "Buffer",
              "data": "JLadpSeKUvCWxYpZFBEkuRHi9Os7q83Qf1YwSmOp49U="
            }
          },
          "Gj1xPxaAj3mE+DIlC4q0QddL5QEUW0dtfZTzFOEVyOw=": {
            "valueMac": {
              "type": "Buffer",
              "data": "AysDUKFWrVN2ccsQCe/9UXuOO+LbyYF7Iz4uvQ3NL9Q="
            }
          },
          "GqEFMetYBarcSCBEVmLEFRO1BaWv0l0noBbYpiHFfbY=": {
            "valueMac": {
              "type": "Buffer",
              "data": "1kDIdV/SIW/E9fx2io4Cq7YBcJtN920vSvqzm/hJ7GI="
            }
          },
          "HR6qktFIUAcgFDMqWM/RfPRswejQPiZYWbxuDxnsRDg=": {
            "valueMac": {
              "type": "Buffer",
              "data": "QaHWUZGgAj2W953jiDK39BBhy3b+TDY+g712wp7/73M="
            }
          },
          "HXtFN7dK386YGscZYmR3u/25KPA5y2T74GtxC1wLEGI=": {
            "valueMac": {
              "type": "Buffer",
              "data": "epgWrfzLNEfp72gBGOP0U73x2vkzKBejuPXzCA4ao+U="
            }
          },
          "HhJQaj8H9Jttp+rnIeJ6zeybZ7R8lFCkJDu6ETySlVo=": {
            "valueMac": {
              "type": "Buffer",
              "data": "OxJHSDtZGh6onfGjpTRQved0jG9VPPwMqr++M9BWGIc="
            }
          },
          "HsDtsFrNa5wO0+EHSmzOFgFsVHgEnLcME7o2D4mhHNE=": {
            "valueMac": {
              "type": "Buffer",
              "data": "ukR+gQAiA943UcTkpG4TdoLBK//0POKPvhizHgqc8Cw="
            }
          },
          "IFlC9uOI5WQazP1TtGpB0jR3eQ/xK3WszpVF1kqS2Ls=": {
            "valueMac": {
              "type": "Buffer",
              "data": "35Osm2dVcz0RVZwu17wt7cF21hgsAxXhFZcznSxyD/o="
            }
          },
          "JCHJdQJlsRr1DZzfEblAtueBZR55yXVz8EWReout+u4=": {
            "valueMac": {
              "type": "Buffer",
              "data": "2AAMB2We14OU5Omfw1D9jVO6PsRXYHBwFFECWtFLqW0="
            }
          },
          "JIC7Eyn3z0vDHKTjubhSxQWJfidvsZwOUvkZlqi//H0=": {
            "valueMac": {
              "type": "Buffer",
              "data": "aZbtiujjO8LJ5aNkQ/B2nYJQPho8QvVjltVvXgD7IR4="
            }
          },
          "KDWluImlAhQa7PjHdoBvcBMwuyzsTGQtAin8SaNIAxc=": {
            "valueMac": {
              "type": "Buffer",
              "data": "fMRXC/sqnPR1P6h2eozYqDAZy5xvCp6jBOB7qPL/1JI="
            }
          },
          "K+PJjHHMcNWHoM7KteR6Hau7WO17CZIsPzqeEYxSgo0=": {
            "valueMac": {
              "type": "Buffer",
              "data": "RueaDEeUI/3pm2kY7KOkQfB1q7VLZC7roj/YgoLst20="
            }
          },
          "LQO+IkIR97yl5Cvn+2J01EurO8gOm4W0sgNJmqkoLWg=": {
            "valueMac": {
              "type": "Buffer",
              "data": "6Nc6aEqSMrEF9PBju5DXuEF49Y8hdwaZRl3TwE1N5BM="
            }
          },
          "LeaolTMHYVi8aG9A3QsKKWzg2grKPM3706DUGtpsw68=": {
            "valueMac": {
              "type": "Buffer",
              "data": "y4KLNxR295OUBDGhqndxC20u0b1T75DP35pEW64MRrs="
            }
          },
          "MNW00KJvhYHpyJtEtKKAREwElP4eAuu4EUZkoHDYb38=": {
            "valueMac": {
              "type": "Buffer",
              "data": "ejS0xiem5v/BtDe994er3hOlprM1SxLkHgxqpIDGZz0="
            }
          },
          "M4bLPKl0B5H5R0BC/AyaTEEtvmNBYdsHMlu60z8psjk=": {
            "valueMac": {
              "type": "Buffer",
              "data": "5b3IvMQ5fRzjnOHzP10cFA0jZM5dVw4xJ5l9COsD9TY="
            }
          },
          "NQtZYMJmnRXurOdVuSvtpDByapbdHbvDvau7TUuSXRw=": {
            "valueMac": {
              "type": "Buffer",
              "data": "hdrq8JRLRLhoRjFvES0eLucLsGC/7k3nDoVEPMKI8Mg="
            }
          },
          "OV0ZFtyp0ylp/yunIq8KwnaP4c+1VsJXqnYJhLFXX0Q=": {
            "valueMac": {
              "type": "Buffer",
              "data": "eBoFAyeJ7Fl7XuL6uvAjfth850A4tjQXCtZzw0S+o0I="
            }
          },
          "O/Od5WAFx/8IEaOsjnLvVxztlqkLGKlHhv+y4mnlmik=": {
            "valueMac": {
              "type": "Buffer",
              "data": "cdDAvX8yFp8I8XNshQv0TkDEZYmsh4+YTYWh2jMEIwM="
            }
          },
          "Pxp+/RCPtJI5Q6YnzTjT3Y/5TRqPhWNh7x3saMYJG7c=": {
            "valueMac": {
              "type": "Buffer",
              "data": "ALlY9NO/Ztl7GUqiUmg3bOR78e0WDmHcBBR4ucC9K/g="
            }
          },
          "QK+JktYSV3PRMx8Hz4jaml22//JReYAimKM+rJuOoKw=": {
            "valueMac": {
              "type": "Buffer",
              "data": "F5Kh5a2vv5DIDwI5c6HVTViGTxreBDSLmqTDdg0jIiE="
            }
          },
          "QXiYDmsEKf2FZ6sfe0fA1XFndckbZcTbrA7t8BBLqM0=": {
            "valueMac": {
              "type": "Buffer",
              "data": "5gxKjhzgZVBC6d2FVxjH0z98yy2w6PkO1WzMtk9+OMY="
            }
          },
          "QmnRnVWV9R1JSrA9oI5jwvNvDNzD2lpeoWyPZVpe2Xs=": {
            "valueMac": {
              "type": "Buffer",
              "data": "e8+JHO2J7GTfJg1s24+CknaPDkZaO/MpnhSsGMcwWjQ="
            }
          },
          "QyyBiHmkc5r4Lf4EdUXEcoLgSn9TclT1jZEU9PLlugI=": {
            "valueMac": {
              "type": "Buffer",
              "data": "163u/uYMocrzw8z23t26uyGPYIV+n8HTBb8s++MawO4="
            }
          },
          "Q/YFq6T0YtbDHKYlZ2QPnc7bcvBo6iJ/fy2bYkaUceU=": {
            "valueMac": {
              "type": "Buffer",
              "data": "wjMrq2xTzKGscgMAiSZjn9rqlQQWEEJB0kUXoH7vNak="
            }
          },
          "RDzI5QMUhiHGIufU+mJZKzkmCkyirgPP1BCSFEioed8=": {
            "valueMac": {
              "type": "Buffer",
              "data": "4Dwt2vrzUw/RX4lnN6Kz5t3cmjUfuf5r3pEAjjyyMsI="
            }
          },
          "RlIt7VOPo0AlVvDcCaEtBxk0+Tw3YS5qPxtuSIlilGg=": {
            "valueMac": {
              "type": "Buffer",
              "data": "qjj/prdzYdwnj4nUZv74kTJnAiImaLvjQFpCT/iY3YA="
            }
          },
          "Sao6DilzhfrVlfWf67VwB1xN2R4IIKLTYawInPvty48=": {
            "valueMac": {
              "type": "Buffer",
              "data": "LN6EYSF4Bw18B8B6QywToeoQyUbpUP2KJ+MMXvYIUAk="
            }
          },
          "TAr0uVRDNpvjzbMrbZ80/zYITqhuiG30RYxZQeM9ufY=": {
            "valueMac": {
              "type": "Buffer",
              "data": "hc0Zwl7dqdPoLzBTpxbo1ERWgqhaWgtW9Ma3bon/+3A="
            }
          },
          "TLrqAoWu+j2MTa8eAO93psy1AITgfeBWR0PEfY4ZV/U=": {
            "valueMac": {
              "type": "Buffer",
              "data": "JEU/AjtpRqm73YOAddoKy4YjJC+q2YYDA9fiEM+kpW4="
            }
          },
          "VmybpgPDijnwCvPl5ZBG1XZSpiFNMoq7OtDuQa0MK3E=": {
            "valueMac": {
              "type": "Buffer",
              "data": "MpTWl4iXz2bMiv9dEP/sAt4Gd2aWKh1GmcHU5xG/Ipk="
            }
          },
          "VxuQoUNWASiuOKHFGP+gaS7+u2YMyhJ3C+0LSxaa+/Y=": {
            "valueMac": {
              "type": "Buffer",
              "data": "MbKYC8WIjD+wC0/H+pMrwlm4FkTd+2YUE/jrEHXFtQ4="
            }
          },
          "WQyHt6ka0L8QcVqy2oaIR7pYuOQFhVLPgr6d3segu7I=": {
            "valueMac": {
              "type": "Buffer",
              "data": "XzphuzSBawb4UVdzriNIhmtiaz9ku83ApplGnNR29W4="
            }
          },
          "WjsbvSNJsfMePajVT41MB2QyjT8+bGeznJPdUYYgV0o=": {
            "valueMac": {
              "type": "Buffer",
              "data": "9VoOutGaB+q+4qiTa/hwOOLFW9Z1GTtwxDa6UfF91VI="
            }
          },
          "XS81qHmbszwBXtUqaKOhxCtYZsgj7vYXbYuzUAarJZc=": {
            "valueMac": {
              "type": "Buffer",
              "data": "RHbv4gmCeorvIOIxMYgDar3Agtzs6vFkAQe6YSi9tQY="
            }
          },
          "Zki5DiLlKMT8Va6QOZyU9MqQ7A25+03kBWuKK8m3tCA=": {
            "valueMac": {
              "type": "Buffer",
              "data": "ccnfWXV4UAo3F+QB+lbtRCaEodefgzikHfKG90PJcbY="
            }
          },
          "ZrysHI39HjBxo5FEyFjXuHM5cKOs0Rm2zISpms8uB9g=": {
            "valueMac": {
              "type": "Buffer",
              "data": "goKb4JBMn/qlxwirLhn1HTITkybcryZU5iWi1bFaQMw="
            }
          },
          "auGrs07DHQsGwykh9GvF+rjrKQT1fnMdi76sIjfMaHc=": {
            "valueMac": {
              "type": "Buffer",
              "data": "wrzdx2m8N9Q2OecjYR280jWlb8GyDwJrpd/GAKUU4eM="
            }
          },
          "bM0DX+ZA9pEL+/TEjyHbTJnTfLhoZw5/af4wGA9/7nE=": {
            "valueMac": {
              "type": "Buffer",
              "data": "eocagxUwlmLQWxaR9GAXvZGKKykgf3hOl/kJN1l8/zM="
            }
          },
          "bpjoa3UGCBSg/TNnEu1rvjyH/HePUguH7A+udKvSUDE=": {
            "valueMac": {
              "type": "Buffer",
              "data": "KZZ83jSYydvHEhODPnxBx78N6G9qncVCwvRbMX/HElk="
            }
          },
          "cRbInrd5SFtF7jeGVAXF0Iq09BTbf00lrNyg0ts3u3w=": {
            "valueMac": {
              "type": "Buffer",
              "data": "OqosTfhG+lYYXiymANnOi8MShMl5m3sGFmiSbywLZ94="
            }
          },
          "czkLWMdHedrhYtgZ+ZLPZ38KOzKKkr8avlE8U5vLb4U=": {
            "valueMac": {
              "type": "Buffer",
              "data": "EzsYTNuEaaxFXewO7/qe+sSojHEpdXCLgGk3NOGa26Q="
            }
          },
          "eGCH8/NnaEKqAcCgUeu08XP/zq8+G8r1Y/Tv/R/f7uU=": {
            "valueMac": {
              "type": "Buffer",
              "data": "2b/3oSWF89dWcdeJ0UcugpTaCs15vV6XTQlkqt6rJe0="
            }
          },
          "eiIPHQQvnsaEct4lN91LpZJifpZ9hiiheVMlbtHA1kU=": {
            "valueMac": {
              "type": "Buffer",
              "data": "rfLJMilz3GA1SYLsR9a2oubDOG31r0xk4hYGKorQXDY="
            }
          },
          "elgJD3HUVO3LJbdSmskCgV06aJLTe4qT6TvsI1A5jUc=": {
            "valueMac": {
              "type": "Buffer",
              "data": "EhS1IjMDAQ3kGZX8irNMyV+N8K8XubYyPPcOGz1RGBI="
            }
          },
          "emqeLyNYJC5Uamhq72PIJBDuYqA0rMnKT77dCYVkSDY=": {
            "valueMac": {
              "type": "Buffer",
              "data": "pJvMfr6J84AHA86o9oJYsssor+Dbf0NV19SGut+vFZA="
            }
          },
          "fW3vYblTtsamb6A7rxCSXhuswtxF/ObKOun1WLk+koQ=": {
            "valueMac": {
              "type": "Buffer",
              "data": "jBzlqHcY3hEXIN2a4p+o+a3Ylg++Mu5NEIU2DnOmiD0="
            }
          },
          "fv2Z3xe8x58WnSp1jlEEMT8jnXPlHjsGFz44tbryCuI=": {
            "valueMac": {
              "type": "Buffer",
              "data": "3w8Rzo6mfT3O0Rs/nusJwCaj87MhbKW3XaQ1jRVp93c="
            }
          },
          "fwftgMZcTpFcTPmd1E8XsLs6j8U72mozmVQxBfXv93o=": {
            "valueMac": {
              "type": "Buffer",
              "data": "ylnX5GwKQdYLWALCKyobR4FLU7TjGG69oJwxlHJTTDY="
            }
          },
          "gVGn2zyODnDEP1I0olp7lcxWiDfwfx7YlPuPMMTXq44=": {
            "valueMac": {
              "type": "Buffer",
              "data": "2pmcPh+dLt5HNW3Ct3ep4yQRZUK4KwBSdq1wNS669O8="
            }
          },
          "g3oG51rwrKVqxOa9bTIAzBCLNApJIbYhkSaGxegsxXg=": {
            "valueMac": {
              "type": "Buffer",
              "data": "aOCRbrMm7pku2KSGwZeG8XWaO0usv9UV07Dz4ManXYM="
            }
          },
          "g+jIYBP2ZTeuWFZ8B+qRQVzx6ar0w3GUbd/W222NZSk=": {
            "valueMac": {
              "type": "Buffer",
              "data": "BjQROf2NjelgVUYixNeziwIBLJ9CkQd1ccbiOQmyFhI="
            }
          },
          "h57l7H0Hu3o9K5QUEkfAMlddzlTZMoZiolxpCwtPh2M=": {
            "valueMac": {
              "type": "Buffer",
              "data": "H2QCXGlfl447iUjAQq4rbEUWfpd+Yry38ZYeaJ1kGz4="
            }
          },
          "iOahlqKcu5xuAzvWCO4cBCB5yzS7pqI84USKbejRX+c=": {
            "valueMac": {
              "type": "Buffer",
              "data": "6EeWRk8TZfTyIGlXiR7ZE7VnshSLp9uRDuceTpXBxB8="
            }
          },
          "jECDqz3AmcU3iaRTMABKzcXWSkozvnGL34ab+3aqyMs=": {
            "valueMac": {
              "type": "Buffer",
              "data": "zSLvq+p1H2zANZud01ZjEkpToGH/3wMcoipJtDrIF1g="
            }
          },
          "jSK1C5/waoREHSn3hZynT+eIj/wZb66nGl0lx/jgB0w=": {
            "valueMac": {
              "type": "Buffer",
              "data": "wG254We+xd+FQmjGxjMOtrss/q1zuzwP/Y2wVqNum4w="
            }
          },
          "jToJEJwCSMDU3j/Ansm7pbNc/hnvX++KurIJ2dyskNc=": {
            "valueMac": {
              "type": "Buffer",
              "data": "2GcCoGqP5auMaJyorZ79sLIhG83o9+JY2cGh/VmZ2ss="
            }
          },
          "lQ+9nkMbAkHOaInMs/C1rZNYJqDy9l7f3RNicr3KfB8=": {
            "valueMac": {
              "type": "Buffer",
              "data": "68ZVRQbWjoOtDhlRSG0nUvmVSTz1Fs5LlaIYAKfRHjE="
            }
          },
          "luZlewnN7ysDSEbZTZKufDgKgsbRB5STfixyE318uko=": {
            "valueMac": {
              "type": "Buffer",
              "data": "PGkHG15U3vC0qFZIMZ6MkzE3KuFomM/7rznx6kUCthU="
            }
          },
          "l977sq1OsC6oMWibYPwS7X+I7ok/Jk/ePwnILpKO0w4=": {
            "valueMac": {
              "type": "Buffer",
              "data": "eh+JCkZR1r/CctQ9k5Hsuy4TQdojKfmJpYFqpEC77P8="
            }
          },
          "nI5WWTZZg2DXw63iZmrrM/9LFyAiFwAIFRcLd/wpJ0Y=": {
            "valueMac": {
              "type": "Buffer",
              "data": "C3OcDOi9S5690B22dVfxK+EcC4g1CxYH9v5lQNbDYAU="
            }
          },
          "nNHlas4ou8sungYhKl/UMfcYPut0Se4WYJlBexwMhjs=": {
            "valueMac": {
              "type": "Buffer",
              "data": "khl9TuaI4wOgHk8LvWvbBt0YlaiRoboc+rJAmmAiNo4="
            }
          },
          "oosSF4Xcx0+ZaATjPzaBlvdFZzjuxxHARStwRJOFRPA=": {
            "valueMac": {
              "type": "Buffer",
              "data": "2S2IZjWJc00JkOYbATG2hFxm6XOxDIgH6jLH4K6/sOw="
            }
          },
          "pgJN/xsnNAiTqTDw7IM3ByC8Hu8i5FIwoQAz4SNzLh4=": {
            "valueMac": {
              "type": "Buffer",
              "data": "VUn4OOPHGguzcfThSJFd2QlTKIxAKToS9exJJQotAeA="
            }
          },
          "pjtDObuRtR557o6ctPFKwV+H295AXotf6J1tidPTxF8=": {
            "valueMac": {
              "type": "Buffer",
              "data": "Wq/mBXuq5J2GKhDqrZJKHcD6bdxC7IeudR2XYrtr5mQ="
            }
          },
          "qArnYjfjR4qW5VxGt2Fx3Ua0n0vn2AXcEU9FuAZ+r48=": {
            "valueMac": {
              "type": "Buffer",
              "data": "RaxBkHaXgLzkuDFGOt+RmHKOz1JBOn9Hoxw2K/G8GOQ="
            }
          },
          "qGwO/ZSJQJzuZhnS2/IU9cV+0as7xmTXh+dE/J6dwnU=": {
            "valueMac": {
              "type": "Buffer",
              "data": "jgOyHH/n6rA9Ddte/lFOJwh1ia4mwyrP8aeYTNjGyQA="
            }
          },
          "qay1ySiYxeLOX1ujxGS9CrRl8WosKtuv6JMaUZrRiRk=": {
            "valueMac": {
              "type": "Buffer",
              "data": "1grblytZL3prFRyFUYSIvMqOBm08VxH12QlIAVystpQ="
            }
          },
          "qjFlbaszyeexKlBDakpDKypR2A4cAgS2Uq8ms5MFe4A=": {
            "valueMac": {
              "type": "Buffer",
              "data": "CUeTrIg3FehJhZwKsFbs2tVOxx2xKOPTX/6S8v2/P24="
            }
          },
          "q00KehrXvU9REXecblDHoNdJLCOdHgquWNTkwQjYUy8=": {
            "valueMac": {
              "type": "Buffer",
              "data": "NOj+yJZMbBDdx5VPCSzk7ioVwhBfBpgeWLc/xXl8aBI="
            }
          },
          "rJGDacJEVrk0XA7uZbFn7iGceBbP4rR/fDgbfPOQ4bU=": {
            "valueMac": {
              "type": "Buffer",
              "data": "JKjFyevLrxpiHEOBSMIwcWb/s+VCnmPJ/sHH8aju+nY="
            }
          },
          "rNn2qZH+0Ac2tHnB4p/1pwQ2lbtVt3m+amJjOcqNSqU=": {
            "valueMac": {
              "type": "Buffer",
              "data": "K0dehT0CwHMGDBasU+RVkSYi6mt92JYj7JoaCyUqANU="
            }
          },
          "suwOugA/JWUt/7806e64Zva7iCal3dURzLIXUw7je5k=": {
            "valueMac": {
              "type": "Buffer",
              "data": "QZwVNjbbxpEED4Z6CZbCujDPsYqghkKGllJ3o6SD6p0="
            }
          },
          "swq0wm/r/kt0N94q5s9UpbAImFsCqb/FvQKsNDzH5tg=": {
            "valueMac": {
              "type": "Buffer",
              "data": "fzjyVcAUdL7o9Kc7R0I/254sdhBzl4USBYtPMe71uhc="
            }
          },
          "szdRe8lfHYCAnPBv7drO1HKT8RSxaSYGEhZfXw8SB8c=": {
            "valueMac": {
              "type": "Buffer",
              "data": "LWOjz5YrA7wxPzJO+dqB40fMPk259PlSTXyx3dGQxK0="
            }
          },
          "tuS2cPrkyeO9skZ5xr36NCz/8lx1RqksxzgQ5yiz1l0=": {
            "valueMac": {
              "type": "Buffer",
              "data": "wbXCw87GCShGXCelgB0Zm47xgCoGEnyrHSKcpQt+t1c="
            }
          },
          "t7hLrNSCdQcl3tp0DKfelZwnjiJUGGDl8kOqI6dbkkA=": {
            "valueMac": {
              "type": "Buffer",
              "data": "R7x4j0q7xS4J/9EM9B7TQSl6wbcGDNbQ2YyXLZk1BVU="
            }
          },
          "uay+OD6DIQ8c1AcN0m5n1wxQEKUKiYdgQr6oZRGZsyo=": {
            "valueMac": {
              "type": "Buffer",
              "data": "8oo4e0Ik4AJ7t4+w7oTOG5rf7MrjiNamwaWV8AqeV8Y="
            }
          },
          "vEdUJVBJPAAjmxWbufYkU+R3nJvZXTVFgzwQ2l5Hof0=": {
            "valueMac": {
              "type": "Buffer",
              "data": "FrD9UjbHssjWP259MDjZDuBnUHgoBqAyq2yQEEtM1sM="
            }
          },
          "wCX6se1oWSzFKFTcdOexwDFN5HU630rc5n2qOMhUJ48=": {
            "valueMac": {
              "type": "Buffer",
              "data": "VcXS77ZnUjKYVEEGULZbEMD8Y+QJ2HVEUjx96ir0STc="
            }
          },
          "x0FEZZFU6rDG1wwbgXguCaqHJmA6bido+8Sl+xOrroc=": {
            "valueMac": {
              "type": "Buffer",
              "data": "lZF1dIP1xhupb+iWv9IsWw3fhOx/TmPiDf26vu7pY4I="
            }
          },
          "zbhksKYPyiS/DwRB7d4jPlad4wYllzZF6yxmsnOCTkc=": {
            "valueMac": {
              "type": "Buffer",
              "data": "CpBD4ONFyCVVMyFTjrbDJ77c+3vLw8bM6ZmdexRN0YI="
            }
          },
          "0ss4fyq3diBpYRO0rP1p9Wg9FouGFzhZrVd/grC43Yg=": {
            "valueMac": {
              "type": "Buffer",
              "data": "r5TJ0deOnIJtDBI+ik2WykTFGeReoI/JsTRFsgiNFCk="
            }
          },
          "0vJznKCZqAbjHCYxHZRfnNq5nV0BlbrCJC6SLtmDyI4=": {
            "valueMac": {
              "type": "Buffer",
              "data": "NAres8LODmaDTKNSJHMQwtp19SKKz0GMiGYfqlqmxM0="
            }
          },
          "3LaOCMp4FibhkVEpiYkW2/xDbjHlVJFHIJvghYWeLLU=": {
            "valueMac": {
              "type": "Buffer",
              "data": "icVoJxHfs3SV6u676TxL62+AqDNmKc18uceSh++qsR0="
            }
          },
          "3OsZG59EV1oY3736hAEiDlscxgdtXq59S6bw+gsqRUg=": {
            "valueMac": {
              "type": "Buffer",
              "data": "3HEmemanx99l9rePZlJZAMJe5ovzUd67d/+GALF16Ec="
            }
          },
          "32+mwEgGxzRpxx0Wn9GR5GjZuXVuCpQOxNFpaRiAlgc=": {
            "valueMac": {
              "type": "Buffer",
              "data": "KKOQMlidSSQ5xgPfh8/9liit/5WgZlO390GA9g0gYcA="
            }
          },
          "4pKLhR4i+E4KXvdwph09ym+y+q40R8Q+xi18HO/0u/8=": {
            "valueMac": {
              "type": "Buffer",
              "data": "87ZnuPINwupia7TZBpFEqeClX1MYPRUaBE88B1EoDl4="
            }
          },
          "51JQIozZrvoZ5E/dYtOsAX2TRrkCheBH9Ht1R2rhgQI=": {
            "valueMac": {
              "type": "Buffer",
              "data": "Hks0rc2XhgSm17KcmW3DBhZ6ZysrRJHlTePed4g501o="
            }
          },
          "6ZjdoiRT55Bw1GIorLOX3tK4qcyoeP9lUCLcAu+7XPc=": {
            "valueMac": {
              "type": "Buffer",
              "data": "bNeqMWvoPDECXeLmxpyjA8eTz4j/88TckvWBd5FdZh4="
            }
          },
          "6n1Ws+UboG9fF6p86MELadHolW0Y7PBhxJfsB31XG2I=": {
            "valueMac": {
              "type": "Buffer",
              "data": "DY7pW104Oh50EeLNKCIfHjPR8JdYfhtwTFWAxZIGhz0="
            }
          },
          "7cqHxNzr3WXjpsMyAeDnuysUZ8BBhk1PoujGp9ZCFAE=": {
            "valueMac": {
              "type": "Buffer",
              "data": "PX082j7ZClwWn6ghhBj3KAlc5Vaswo3Hfax+DOO+9fA="
            }
          },
          "8ChpW91THMqDBOtT+bewUBTuVQheCFWsmlwjYDloWeY=": {
            "valueMac": {
              "type": "Buffer",
              "data": "EAKxvHJVHdKxlXlTAJFRxhPsSRXXhBEhfpCQltxiwLo="
            }
          },
          "8qAZR7HNvIMFh7/4kZtEWOkrp8UB8UqA8nh1lsqkjJg=": {
            "valueMac": {
              "type": "Buffer",
              "data": "v2Gy3Rocl3pJCJYx9Ovjdauw8O8OcYFOmDEUGxfy5xs="
            }
          },
          "89Rr0Nzin2Np/X5aXrOc8lxSMMHc2BQSTFM7NEQTZL4=": {
            "valueMac": {
              "type": "Buffer",
              "data": "Ybk20o3wN6p+KcnyMfKpUbMXrAwWNjxCLPXvt7W9DDs="
            }
          },
          "9kTlPSYCYAiPD6V+B30VkIvbp0F3qGJjBxGC33JOZaE=": {
            "valueMac": {
              "type": "Buffer",
              "data": "FqsEn+9RWf1Dy1ynC6diCtAoR/7JRrX+r828oQ/C2ho="
            }
          },
          "9/RYmQhV5AG1zVvoklSFvJX+c9R0NfHHUYZ/3a9kYAE=": {
            "valueMac": {
              "type": "Buffer",
              "data": "v0NOGCSlw4z8pZjKVVi9yar+V4ePiWZ07ABftQqni3g="
            }
          },
          "+Emm2f7QId0xglFIi3bqzbzuJHExYMu71BYiv4p/TF8=": {
            "valueMac": {
              "type": "Buffer",
              "data": "ngzvCsqzMRJMzkhC5bZBPGwebyDe3Lu8hmlQQJYB5cc="
            }
          },
          "+GjMm2bm8ktsJ5LyL4skUFlsW4Ra1yFVEpMEZMhLOIA=": {
            "valueMac": {
              "type": "Buffer",
              "data": "NqkFwxKw0wy9BndGmep/jRRtUuFbwAKK/zQcVT93kDA="
            }
          },
          "+8wPOmm0KeNWp/y0GbmJkuYnGBmViojWWykTFbXwlnc=": {
            "valueMac": {
              "type": "Buffer",
              "data": "eQ0oQ3QdJ4PnG7/xyZv4pVgg5z4W0nxeR1S52JF+MB4="
            }
          },
          "/MyFnTm8aRN52VuvzeaEP1/06JgS7dlC7v+i8/Amf+Y=": {
            "valueMac": {
              "type": "Buffer",
              "data": "hyjwyyeCr0jVIuhG9muoTVb3i/AH+nAxmH5Hii8whvw="
            }
          },
          "/NXx++MV5OT9KCLyaY0Z9TBYIxUfeCpeU6/7RJeEHak=": {
            "valueMac": {
              "type": "Buffer",
              "data": "J5f9GUOZx/JV8tmxJB8LamGLXK66rp5F+t++lHy4ZGE="
            }
          },
          "/6uYQ1WYPo0+cXUqEtOqbLMp5W+P8tC/iLeQdR+OK4A=": {
            "valueMac": {
              "type": "Buffer",
              "data": "/btMn7zCNyR2NBCM3VL7E4AGguZsGbuSmdPTwW+NSN4="
            }
          }
        }
      },
      "regular_high": {
        "version": 31,
        "hash": {
          "type": "Buffer",
          "data": "Ot3qXo7L0zjZaBYbsvawd84jLqxhQEP8zNnlklPIyC3E5hP01vUSN/Lp14Y3U/fdNTV5emhn+7yhO+BU2Mkj/IPnCsO6Pbv1NMYJ/haoN/MY3EphYXmzJgBP9HkBeSZkInIBn5bjCXV/fXgYjEOgO2uQ19jCm4XooXexzbK3Y7Q="
        },
        "indexValueMap": {
          "AF613hk0A1mL8p4Jt3jGYHUPacUVrGfvFytI83aEj10=": {
            "valueMac": {
              "type": "Buffer",
              "data": "qI8x6w1D3KLhqlT9wKxQzzDZ5bRMfvVEO1/78DzUOM8="
            }
          },
          "A/R8L5dNFTet6ZxnwJLzlTbgnTWAxk4jJqICRlPQr3k=": {
            "valueMac": {
              "type": "Buffer",
              "data": "od8f39XKOqg1pvI5iYOjWRD8irDN03g2Dlcl25fGq8Q="
            }
          },
          "Ba1cEjdT3aRPiutRP3PJwNqr1nbos5tUhXCmpbvUc4U=": {
            "valueMac": {
              "type": "Buffer",
              "data": "iuqzcWtLOPHX5Q5JSlO9O4GVU1lvvovbKPLoHjGOxJw="
            }
          },
          "BbHCXLND6op8qQjSp5DcUuaCpsCos6YX+bmNufv0MsM=": {
            "valueMac": {
              "type": "Buffer",
              "data": "KhfsLYiiKe4oAGmvvbZpxWY3i8I8CaUMyAZxSJN0XxI="
            }
          },
          "B97HC3CkMzpwK6ZMN2xgsPxDjK0O9uQJWoYDLVwokMM=": {
            "valueMac": {
              "type": "Buffer",
              "data": "hwiyq7qDwSAWIr0M3Nqx7I5XGdPrOdeQ21asNxrzEqc="
            }
          },
          "DjZCmX8SPj2eYqBo9yzvcJcFtdxXIqQmP9EfQFYS0Zg=": {
            "valueMac": {
              "type": "Buffer",
              "data": "A5wtbs5tKEppBoT0PU3CqB9yJuaRMf7Cq1rD5q1lsgs="
            }
          },
          "D92lB4m9WvRsQC/nFrbXM/kNVm8LfhKSjc34g9Yuf6I=": {
            "valueMac": {
              "type": "Buffer",
              "data": "V0o50vHz8kAGZHeNfGQFkpgz5RSl/wDyluB+yWl0x3s="
            }
          },
          "EuP33Jf31MDyUwEcxMfjD9D3mxUbzJNz6NpfZ4tIsIg=": {
            "valueMac": {
              "type": "Buffer",
              "data": "crUqrlCR5VmnPOsJbFR/TPmwkQa5d2AGslvWSXi9eJ0="
            }
          },
          "GMLIYe1PbggjIMBiU2v9Dg6EYC8oMjmqgKlSuig9nt0=": {
            "valueMac": {
              "type": "Buffer",
              "data": "wSQ//4aPbbD2vBE8WnGd1bVIdXBcJUxbP/lT3JyHx/Y="
            }
          },
          "GmY8pkJsHcPNs3oUnO8VAfWYoEDRKA852TQ1ZCuOJFw=": {
            "valueMac": {
              "type": "Buffer",
              "data": "RwZtAj5gAvVvczXCwsEZpqQ95KEAk4eGvBG1F8+TZ+0="
            }
          },
          "G+Y+cTo3GVuaaytIaG+lyqF5mvwU6YPuPs4yBwsbhHk=": {
            "valueMac": {
              "type": "Buffer",
              "data": "66zPb6SA0P/zI52zTDLQ+DDVVRQsjOEAmWevFGPRwII="
            }
          },
          "HguoFezTFxO91VF1Xh9fmlQ/60qGTL9D3V0TyDeP8C0=": {
            "valueMac": {
              "type": "Buffer",
              "data": "cVG/0UyvljNrPcy5ktxLJoE0QMSV7QpcPwl0NHJl86w="
            }
          },
          "IyzY2Wlq8N6cpceU1usKVkWe7tiikTd3lBT9I0llVv8=": {
            "valueMac": {
              "type": "Buffer",
              "data": "VVqk903l4SqdOtLjEC+nYyM+O+8I5b279kVyHXmY6h8="
            }
          },
          "I+tSX02R317YAwGAX7La9UjGTFE+J3r6oKvpCcOym2E=": {
            "valueMac": {
              "type": "Buffer",
              "data": "g5nTUpMsxmagUXO/+U13NMOW2zp/WBbl1HccdQyPVl4="
            }
          },
          "JFv6wLrk0OXrqCMcqE5jSj5cNPwjX4KHYo1tWaSQiQc=": {
            "valueMac": {
              "type": "Buffer",
              "data": "1MBKkCuTHxRFIVP1FE2S1dS6Ay37rqtE9c/qjqAHC3M="
            }
          },
          "JnZC//NO2n9Jm+mOFUYYsaQLQvUeLWMYTzjC9xEdDNY=": {
            "valueMac": {
              "type": "Buffer",
              "data": "Swry/ZA4s8ERtxkqrHyjpYYHVvxixRQhrIUcjgb82CE="
            }
          },
          "JscZJbRB/GhypYXXebI0tONaE6Bd3tKO3ZN4t9BmhGo=": {
            "valueMac": {
              "type": "Buffer",
              "data": "EgVxlJOw3x/hdMXsEQ1Tl2uwmxU8iO9B1EZotSLPFN4="
            }
          },
          "LZGw2+wb5YAY7mMGW8g81etsvGqUAQAWV4NB8zAkswk=": {
            "valueMac": {
              "type": "Buffer",
              "data": "LgD33vGCMTy0IxV9t7I1BxhvdiA5/i6AYpw3/YyMrtc="
            }
          },
          "LgUwNklVNeRMDhqLaiaELtJN3AsahY2fR4SvhyWxbQY=": {
            "valueMac": {
              "type": "Buffer",
              "data": "SLlImciGt3CfYGvUj7Pr8AuXZNjueW2uSLQxekbiUTw="
            }
          },
          "OCZOGQLSBf/tJgMaG3b5cehnzUTt/sEr3urMLgEUf8M=": {
            "valueMac": {
              "type": "Buffer",
              "data": "57k7d9V79uN9ZNSczbfWvoUkJSnvpuS5LOkifNK7Bvg="
            }
          },
          "OIIx0kv/xK9yH2ky9XTov/Y36lbQ0JiedWiKQAF+a3o=": {
            "valueMac": {
              "type": "Buffer",
              "data": "JmETOFDCRT99i63k6Hf/UfTB5hHbkdR2zwe3SBRA1os="
            }
          },
          "OMrjaLasw3HrGQEEHnpUPoiVNUf8XIlyo7C7JKQgeq4=": {
            "valueMac": {
              "type": "Buffer",
              "data": "Hifhyx8+VYufUODqU1ju20HynuEM/5rtOcyH9GHvWCU="
            }
          },
          "Q+7IXQv4ztoR1sNB87jtuvgVPiA9nTHVjZ1afTnMfjk=": {
            "valueMac": {
              "type": "Buffer",
              "data": "sAfh86M3USln0WAPN21gQKet5/6dlyT2Tw+OVR4WhSs="
            }
          },
          "RUXQpsnvf+aHb/yBqEiSHGuJwGU9n/zHjOlGtFKIwpk=": {
            "valueMac": {
              "type": "Buffer",
              "data": "LzjFsmW5gK3kSTgy23wNucHYPt0YhtodPgUhKjyyInQ="
            }
          },
          "R7EaINXcpmU3jFvfYI6xjYGbEnG1eVMyjmYVV8JBMBo=": {
            "valueMac": {
              "type": "Buffer",
              "data": "M13UDPpp9DOjgdnpmnt4/7XwP85jqal7s3XncK9mes4="
            }
          },
          "SP7hU/r40v3kB5GJls9G+5kxhbLmLoQYLdA0LkGNwuI=": {
            "valueMac": {
              "type": "Buffer",
              "data": "6BukWNbbgTxh7sKBSLzAt55VFPuOjG/3Ln3F5OOYJDQ="
            }
          },
          "StkpShXlcAKBMZZtLmaUu858XubF808owfG71DvwELQ=": {
            "valueMac": {
              "type": "Buffer",
              "data": "BC9wVAZN3Y8QZX/HSNDbHZNp746B4J+/845RIxeXZ+4="
            }
          },
          "S4LhMcws/ZhAqpeSQC0wZ1NO9oAr4324Lbc2h8f4IwI=": {
            "valueMac": {
              "type": "Buffer",
              "data": "9+niLHcQLB9PMXIiMHGUayFBR8rirJyDMatrR04S9Nk="
            }
          },
          "TD1eRRk50UkPcxAEkBJriedDu7lrtqTT1mH+a3949BM=": {
            "valueMac": {
              "type": "Buffer",
              "data": "BPJBYJ4MKM5DyoVUEho+IXD6Q42s3bHNyAp2NxQAQGU="
            }
          },
          "TNTBswgYfuhEW2amk0sL9x1rp15zFeus+RmK4uf6oOU=": {
            "valueMac": {
              "type": "Buffer",
              "data": "fkRq9RmfXW1xfneVKLNnF7WYJ9dRavnA5xcJX3qWlPw="
            }
          },
          "TXk6E1eGLBX2f+5QTYQhss3fxy4/w+trv2Ukb9Oye5Q=": {
            "valueMac": {
              "type": "Buffer",
              "data": "LIYKexinR1TRFtR3owznR2InKq1YfIviPBi3g2YDsuw="
            }
          },
          "Tm7DsiuoeUVzm3D6FxMcazKqZJyMTYZ+Un6D+b0Vo4k=": {
            "valueMac": {
              "type": "Buffer",
              "data": "kcxB0dStOvk7GwVtMTnz8zG7YWMGLyWZMDFfkyt8MnI="
            }
          },
          "TuSxOcwk6kAbshtuI4i+8Fu8WOxRmLz000lTEfjuUZI=": {
            "valueMac": {
              "type": "Buffer",
              "data": "fPLG/U6JFepLw0bg9bzbOTZ/b4XOHV2uGj/NR5a9g6I="
            }
          },
          "TzoFZrs3fHElvRUeluOGOMlj9Yf3M1YL8jdokKZQCN4=": {
            "valueMac": {
              "type": "Buffer",
              "data": "TQ2VPhRNdU5fzMaHSYvebrj022HUekUblT3zc+NjXxk="
            }
          },
          "T4g47sZ1/mX+ZzlwzncJP3w6R9reGGiULxXtYu7iBlk=": {
            "valueMac": {
              "type": "Buffer",
              "data": "YlCr3ByaCSgQEj0zULfffAkpF+Kp/gEZzTpd0bzCdTI="
            }
          },
          "VlBmPO8++GZq/tCB6wIwksiFMT5MGwLhssrcVdlTZa4=": {
            "valueMac": {
              "type": "Buffer",
              "data": "CCGGH7Zj/Yy7ksi0d7GzDxOq8U44KXdjo2hddhsHy1Q="
            }
          },
          "WUYhBDkI7ruDmzh/me8Ww2wLEpdaH1rlMk2sR9JaFDg=": {
            "valueMac": {
              "type": "Buffer",
              "data": "STxW2LdNU0hcllywL0f9mQo4tT9SMeg5J2ryAl74o7U="
            }
          },
          "WVAVc1bGavKQcPb6N2uwMmX1mcdv9NVQ5yJ0fLZY/Ik=": {
            "valueMac": {
              "type": "Buffer",
              "data": "bd+I982J4eZQ7RA8iYTEVVNssfc8jeIZz658n0hOyfA="
            }
          },
          "XbnE0EPKqxT2q3OgOAFP7JyjN6hSnYIXnmTg2al1yOI=": {
            "valueMac": {
              "type": "Buffer",
              "data": "33qHuSIESWwSrYDrCnC3mbvket2bFpF9BuYgGk51FGo="
            }
          },
          "Ydy/NzVu0YUsiHib/Q8C3Atxm90/ES2LA73lJ7bkm+8=": {
            "valueMac": {
              "type": "Buffer",
              "data": "X38xhx69LjXnP6El08spr99397kQoAJhpioyRX7BEW8="
            }
          },
          "Y/gN2thwXhw1VEwoYQhbtPh6PnDoTh8uHVEawYFgnlA=": {
            "valueMac": {
              "type": "Buffer",
              "data": "23UdYQGwyhTPORu6rC34vRp59UKfotNaWbw0PAbbxhU="
            }
          },
          "ZjUnaYnykXYavKJ429kt7n/LYthGtoM+phuKrZ/dsKQ=": {
            "valueMac": {
              "type": "Buffer",
              "data": "q6wvsWj7SK5wtDg733ikgGf4ED3UXRB2nih3S9UkuAs="
            }
          },
          "Z+qf2yl5h7x1A3jZmKT2gkueV6nv3mJzaBDpFj0XeFg=": {
            "valueMac": {
              "type": "Buffer",
              "data": "XltRVO2T0jXjWARIdW0iafJSjz1+6vl9VGNauk5qjN4="
            }
          },
          "aukiHeg4gpdH7WChprNl39lidHbNd4iDXR63KFGrHao=": {
            "valueMac": {
              "type": "Buffer",
              "data": "gnVCcAxzsfoOFLRCCSfDOSWJzN9gbTPbUxyiPTy3b9I="
            }
          },
          "bY+j38VoZ/Fg45xP4Dt3ZN50Qn1DPvNW2v8QwYUZ0IY=": {
            "valueMac": {
              "type": "Buffer",
              "data": "+183LAEPTZlddYRXy97QLnlCMekVwCxfp1ZioWHJdyw="
            }
          },
          "be9+rTIvYgSf3Zkz0df2g6qtGcUaz5dP4qkr/5wUJBo=": {
            "valueMac": {
              "type": "Buffer",
              "data": "HDo9KPUdR2FWqxOq6wy8hwrnFG/2lT23SjL0A1zrKt0="
            }
          },
          "cQtm5MP3k1n94jNN9dQKySHBOtrxO+GsKLhaPDI4MUY=": {
            "valueMac": {
              "type": "Buffer",
              "data": "6Vurq+0/g4/HKdifckoN0afTggiVXqZulqU8TDTGxCA="
            }
          },
          "cRNinb4ZUHcFR5cxMpKzaByNCmP3WSFlkeEKfDDGicA=": {
            "valueMac": {
              "type": "Buffer",
              "data": "bAhIYDEERooe6vUVgq783BhKRTxvYY69C0hRal2QLec="
            }
          },
          "dnSrIlpJzRRVsgKFJWwK9IEqFLPif0nOZBiBkV4voTE=": {
            "valueMac": {
              "type": "Buffer",
              "data": "QajYjT/1/qUtXcWyFB3OR9qh+jJ64QjzRh3aiiAfjd4="
            }
          },
          "d3sYvcZsHPtDoGpLKpaEs5xgHxcRi2yoV017HoamBVQ=": {
            "valueMac": {
              "type": "Buffer",
              "data": "51M9eMhumih8uyDTCY9LsrTUB/NJO4eRrlqAh0+4cA8="
            }
          },
          "eN+fmqVOQTY8WRy3cNmZbA4bepTSevHTwcXTWVvUx7o=": {
            "valueMac": {
              "type": "Buffer",
              "data": "FX1v6tEubYmb2ZEwrTlo/hb5lsec4UU41pYGtLcRV/Q="
            }
          },
          "eiX+1P3lmdsscOdvgULowr++669rKGg0+aLKdQvF5TY=": {
            "valueMac": {
              "type": "Buffer",
              "data": "3wbnBg8WaID2CLEj7kkpzXA7k68F0OFnBigEXJZ8pSw="
            }
          },
          "fKwkSSfJDCMjA5n7lGyD5XSFPWOamDY/BaIcmeh9jnw=": {
            "valueMac": {
              "type": "Buffer",
              "data": "bksF6G28AUKgI19ppBduI6PzmJx2UHam0zs61EOKTbI="
            }
          },
          "fX3B67Z+kILB6cKVxiQEN4XTK41PMq+FrTBNANqrDFs=": {
            "valueMac": {
              "type": "Buffer",
              "data": "Ikp3d0dqgeLnLtfk++2groswt6JXM1Fq0fVIweJQMLE="
            }
          },
          "frf8yrigr8uP04r2wvS2DDOYON039M5fcD4DmVYtNww=": {
            "valueMac": {
              "type": "Buffer",
              "data": "Gj5btb1TefBnOxsENbDwhnzhwbX46VnDSAQN0vxZ6B8="
            }
          },
          "gbhuqqr0XcpdNclmGBD3M8+skwRcOmu1NX0zKuKsIzI=": {
            "valueMac": {
              "type": "Buffer",
              "data": "nEx9GfeGYm/5Us7IyX/T1+w/3W49yiRUOtAzn63sAqc="
            }
          },
          "grJ2+zD68oEFdjQT8pD1l9KA99WassdisvGfcwJf3Tw=": {
            "valueMac": {
              "type": "Buffer",
              "data": "t3ynf65Aa/taKfTe+22jd1RAf7o0DhIchi7/zjs1Cw8="
            }
          },
          "hRjSejeZqtlhx3bYJTgHODMDBH8T5mDvEf+bjQda2kM=": {
            "valueMac": {
              "type": "Buffer",
              "data": "K3QLFZNccjtGCxikVeQ/Sf78qKrXP6HfihaaQSMlBKM="
            }
          },
          "hfNJthrra2pU1FcWnoYLtWgKDXLMpcww1LO/YjbYJjw=": {
            "valueMac": {
              "type": "Buffer",
              "data": "AMpRs5eT7FAmDgAnElIrkGfpf2GKpFpBtcnUEdoY9co="
            }
          },
          "htj22pbkXovhT1IB88OQlVZwdjrGs9iBGr90fiPrYzs=": {
            "valueMac": {
              "type": "Buffer",
              "data": "UBg9wgXawbBSPxgfZ37CVrVPbLaZqrLCcrQ/68Kaov4="
            }
          },
          "iIVETk7XRKqi2giqtGYtk9ssZYXDg9MOHlBsUwGicr0=": {
            "valueMac": {
              "type": "Buffer",
              "data": "RFHkhwShPFTNNsJZ/du16yXPdZGKrPjZXEMLV/XhKLg="
            }
          },
          "jIP2l03hYPdfF4LOj8CvijuO1F/u4NOrXabqcQjFOkY=": {
            "valueMac": {
              "type": "Buffer",
              "data": "G8VjgbRRbvZLSVphF5rVeYHPCqclTmzmwFU+7/95m6U="
            }
          },
          "jhvnwmhXZQu6ilkbpI7yn3oQAPCTexGhn91kU8A7wUY=": {
            "valueMac": {
              "type": "Buffer",
              "data": "NhY/uuCN4WHnUKklABEGAT3iZKgOWPRDRDNjpa+kWZM="
            }
          },
          "jt1cZsxwFwi4Y8FGFoJCBFJ8T/BTxgy+F7d/XSgxDNM=": {
            "valueMac": {
              "type": "Buffer",
              "data": "jpwi9HY9/c8wspnljRtwZHzL4nBWuP62pznsod7lR6I="
            }
          },
          "j2WP9qAXxVpO6hG5f5tfW4SVSPUD47rJa83vFvVSxVI=": {
            "valueMac": {
              "type": "Buffer",
              "data": "Fn2URH8c0eU8ogO8Etx1b8awvGo1/zUNIz9DLOlzubk="
            }
          },
          "kGCkE9lT8VOteBX/FuMumW4iZhj/PFH22rNrgsbyJ4A=": {
            "valueMac": {
              "type": "Buffer",
              "data": "76EVYoKXTLdsgJH2cUnRn52xGXLdrY4v6n8w+RHHZ8g="
            }
          },
          "mPWtOueRBqt1dcfONvWMeAiI3UbtkBoLWxj1U8XsD8I=": {
            "valueMac": {
              "type": "Buffer",
              "data": "nMxPpU62bQ+s/x1UUIIcBRmwRdH4jzXELJmvzr8Z4v0="
            }
          },
          "mVeXEa/BsLCyTbKG1VaqU/69Qb5s9IPph7f4qSpmTZw=": {
            "valueMac": {
              "type": "Buffer",
              "data": "Pvj3pNzA5TTSxjkJIiag5ohyTPAxe+dlMydQc5kN8S4="
            }
          },
          "mgwq1is7rECjS+zM75f23vubr6AJi4sqFTn2LiMbbmw=": {
            "valueMac": {
              "type": "Buffer",
              "data": "zMjQ8DQ1ibazHu1mlNqjOfmHd65sTxykrvtWEoV6lYU="
            }
          },
          "mvoMpIxJOLkvBoIV1ntGPKZ8uNH9Jb8hu4O8MYMy7zU=": {
            "valueMac": {
              "type": "Buffer",
              "data": "M1mpsr3HN+ijgSEqXbA2x/oPLACcEwtRwlybm5XjeKY="
            }
          },
          "nNpjwGxx5E70d9oqrdGsKNp67sclop7uAos4P9vG0jQ=": {
            "valueMac": {
              "type": "Buffer",
              "data": "8KqHDa6n7aUGZHX2UWPw3R2OerKq9J5j697hznotG04="
            }
          },
          "oFvoNIKxZesUlvsidLPAsFSOOjTY9mMCozMJ17YHJV8=": {
            "valueMac": {
              "type": "Buffer",
              "data": "LxixGbixXy+UIS54kFhifxvUjvTLJ9Dmmxo18136kL4="
            }
          },
          "pdLCi+uFaUnY/D4tfGWIbU5/HO1wgaLLdbpMBE6+4nM=": {
            "valueMac": {
              "type": "Buffer",
              "data": "uzW7VTgLbKO3AXcQhRV8EdwQnQXhY8wix8xorFzy/W0="
            }
          },
          "p9IENyLdwrqTxQc1Ykc20zJjhU7PN7Ra/eebzuyQg4Y=": {
            "valueMac": {
              "type": "Buffer",
              "data": "tURuN2VnMNB1+cPWkSoBIkINdnqV8ErgM7gJzMpGnsA="
            }
          },
          "qkiNYCRyyx/ksVWFEszFHRoTsS1v444OTZO207TjUts=": {
            "valueMac": {
              "type": "Buffer",
              "data": "u7dn2075onsBmxGft165uglp0w/X+c3WX6F5LOjRXWM="
            }
          },
          "qpMKmehpiJXbtv0wvw82J3KProg6Lukg81bYuNbv/KY=": {
            "valueMac": {
              "type": "Buffer",
              "data": "krpCuTb8hoV1QbJN7Xpffyoi8CucMviIGEJ94ZkhYwY="
            }
          },
          "qtsFq1/BHuJvADWruKa3czpYqAEuOKg6JJmcFTOJylE=": {
            "valueMac": {
              "type": "Buffer",
              "data": "l+ca3K2VWjpYrCPUjWq2B+2cchyNRPh+xgzBSLNxQQU="
            }
          },
          "r80z6R4kBqd7hTqeleHx2dRRZR1wr58SD0n9QPoT0Cc=": {
            "valueMac": {
              "type": "Buffer",
              "data": "uktrpBzPoYpMwJR0zoKMxyl+ItQmBWHrX4X++pLeNnM="
            }
          },
          "tD3n1sFBD9QjSYLPAli+dUgRIboOTtNX0kJbB+QcvWs=": {
            "valueMac": {
              "type": "Buffer",
              "data": "Dhn8krY2bxT8SBl4c4qQv7mqIBF8xXQ3l4/VmMU6SSg="
            }
          },
          "tL9ow6YePrte9u3M16j22uQJ9RH9mU2t0YoYDbivVAM=": {
            "valueMac": {
              "type": "Buffer",
              "data": "udgSC7Pxf2sPwTsS8ansnRNjiu8q59qE9PuSw1vF9f8="
            }
          },
          "taEpwgV/MVL4cVI10Uwbz2bFBlkXxaqQwlv2BmC0CcQ=": {
            "valueMac": {
              "type": "Buffer",
              "data": "5yu3rTGDji81shHBe4Bd3wDOn+lot9axgZD1/cfk+8g="
            }
          },
          "toj4QPKigqUQZ3S70NFw6bpSVwGhfCL1MhjZbYcCMT0=": {
            "valueMac": {
              "type": "Buffer",
              "data": "4RJRYkmGoWNSVRaqYdT3013IP57cmhcQzh1+Gn6L3ZQ="
            }
          },
          "tz7DceG2iguxqkGMwr/SgVQUFjyvYXqeXBXD/UTY9YY=": {
            "valueMac": {
              "type": "Buffer",
              "data": "oeKWexaDuAFDl7wSEePRtDga/Ir1SKIR314C8y1PmGk="
            }
          },
          "uB2w9hNWWhEzB4Px4QJMiB0c6fL7U1mOpXILkx75U8c=": {
            "valueMac": {
              "type": "Buffer",
              "data": "0t0TlBFA2qsibGlwLEf7HfrDxJByNQZJcIJMNYUTd64="
            }
          },
          "uCJP913bkytLG4CingJAgXjg3/KfwGC92HgpZ9umrv0=": {
            "valueMac": {
              "type": "Buffer",
              "data": "88RIaWeM8KFIr+GJ/XNGhxg99LWRzlledgxmLc3m4yc="
            }
          },
          "u2v4TOA8VtdAhlKK6DsFSE8/bLYvvMTE3svXWWAFLiQ=": {
            "valueMac": {
              "type": "Buffer",
              "data": "NWMUzdUHCRdJ1A1AqkISJ8D9E9CT5Surh7VnWDTae40="
            }
          },
          "vjsP5XVz5nwyAxP9n1aMQnO2E6vSiMG+JQi8IwHtRTo=": {
            "valueMac": {
              "type": "Buffer",
              "data": "CyGzsbaTDhFRR72Dj014D3pi/r9hqqhX2y+yV3TB/00="
            }
          },
          "vko/s3gmpVMhco+pcjzurbSWt4j47cle7VyKA3Hqq9M=": {
            "valueMac": {
              "type": "Buffer",
              "data": "CyX1GtcC+/o4TmHPNgJGm9oTh+zCR42bpcTiHobR7Kc="
            }
          },
          "v/QKor6qMaOojzarkRXVm80vvlWHJssjQQCkrdTY+9Q=": {
            "valueMac": {
              "type": "Buffer",
              "data": "ZRSmbvBJfHtSEpUwU80xtijSzodwpbBUYAezgmL6NgU="
            }
          },
          "wIcZsd4sppcUS5/bJYNhiIg1cYULSG49GFNACGNUDCo=": {
            "valueMac": {
              "type": "Buffer",
              "data": "f0uc/Gu4OztyaR6rs36vdwlTWl1zfxDZknWWDKRcgHM="
            }
          },
          "wqW63RpNpBWHsSisuVojE7yZqh82u21zuGFVjR+Xifw=": {
            "valueMac": {
              "type": "Buffer",
              "data": "Fd96yRiMNjRQNhX1n3o68xs5zQHvbUeG8PCT8Ai4e5o="
            }
          },
          "w28IPLnbKgAsTBTzsCoxNVP2APFRWnRQrMcAj9u7nLk=": {
            "valueMac": {
              "type": "Buffer",
              "data": "VIY7h5bU9EH761by2sytUS8VQl7oUKns3YYN/DOEah0="
            }
          },
          "zGIcSFX5ZpKmUxziclo7Zxt5teO0g3H4xXAmwLCgKPI=": {
            "valueMac": {
              "type": "Buffer",
              "data": "URe7qy3TyGzVPk7rlc9ZJO+OWLuoWVRKRuDmsviiMKc="
            }
          },
          "z2szlaXdxgZfS87HFFNF6DH0EoXaNfXffft26quddu4=": {
            "valueMac": {
              "type": "Buffer",
              "data": "gXB1J1jBdGYjnuBagZxcVigqprEPuDcYG0kHCuGPyXU="
            }
          },
          "z9XyKQ4+W2HEkA4zp7kCW2vNPZ6+h2+Dn7C9TGvFPzw=": {
            "valueMac": {
              "type": "Buffer",
              "data": "o3R2NOgSgjfHLJrgOrKY7iBuPKxg1SPFKJKi/zHjciQ="
            }
          },
          "0C7U1cVecRiBiA7g5cgSj1xdHDvvedXd4Uu7aw6QbJM=": {
            "valueMac": {
              "type": "Buffer",
              "data": "PJ+AK+slJvxXOXhsrR4K4OpV4UArFL4qx8bWhdqIqJM="
            }
          },
          "1uDQIvFfkxzHQg0jBiP/MERjAIUrni5c4Gu2wb21CfM=": {
            "valueMac": {
              "type": "Buffer",
              "data": "CZor9USlcLdNSjf7h6EWD+1tb+s0nvSddkMxqa4S5go="
            }
          },
          "2A1OMDqLysETM6ZNKFD0J+Ji3oc/OXjCkGd0ALYc9Mw=": {
            "valueMac": {
              "type": "Buffer",
              "data": "nMboxA/MDjNGWzHWEn1M0xpvnlc7vSsFeJ6YXwVgmIs="
            }
          },
          "2meW/vM859q+stRgW3Gw3MgVcMb5iZ1udPpkFOAb09c=": {
            "valueMac": {
              "type": "Buffer",
              "data": "oG+Tm+LB5LqAme8+F94UcW0c8Ko4oAazM2n78GY30iM="
            }
          },
          "2nMbueiNlfvv3M/nAc7OXoMz6Z2/lDy+cWYcu2BLKZw=": {
            "valueMac": {
              "type": "Buffer",
              "data": "Ks9eF2Q0nNVeuylUZBLn+cytFo0xdf2s9+jHnwpnjQQ="
            }
          },
          "3Jw0jYchTSQVGGdtLeFY4/LCW0PbnQibYn/Yo9lE+Gg=": {
            "valueMac": {
              "type": "Buffer",
              "data": "hZdHkixXaMXSYKjopdHMuhi611G16pPxvLbeMy9NXro="
            }
          },
          "4OSYmSmihNTj7MtpfMQTOOrwHB46SCaEyS3fJ7H8mOk=": {
            "valueMac": {
              "type": "Buffer",
              "data": "2ogPh52d1Zozz1qvwSmzbFbHBC30FWzMIh625MIg8c4="
            }
          },
          "4gGKDaZsGpudBz1sbO+DhU3BzKc+tLLXCLIKXKBt0iE=": {
            "valueMac": {
              "type": "Buffer",
              "data": "kUngJ5eB04d9gs6fDoX3kwo436i8lpFKh2OTmRpZUlo="
            }
          },
          "5PASX7w++8HqFOwj06oclBddpWA/z/qSRwQCHOISZmA=": {
            "valueMac": {
              "type": "Buffer",
              "data": "BTDojbQYUxH/Cc5XvAXJfo1JpcyZ6ILRDitD0VFeLvk="
            }
          },
          "6y1TmiquhvRR6U9IqxLvvmygH4QAPFpgA4feLc4QRIE=": {
            "valueMac": {
              "type": "Buffer",
              "data": "uA6Np8U+1R+5/bC/kXYQ4AEJwE+RbKkUxmKXZJMibko="
            }
          },
          "7ZR+Nrpy6ROtDGg8yEKvVCfNPnRcLxZ7jQ2zjgcwr1M=": {
            "valueMac": {
              "type": "Buffer",
              "data": "zsviPv1ReqbFuZFlHbog1ohtLlqnQPqTf9isRHCodk4="
            }
          },
          "7olNO5AIvjNIiGx2l4knJmuS2MSY0gQx1QX2bMDeHCs=": {
            "valueMac": {
              "type": "Buffer",
              "data": "d6alJnlBMciuA09ss/1aLhe1Qh/IQNGbFBN0Ig6CRrU="
            }
          },
          "83bXBED4RI5EB92bZxuWV2AmwrZ5C7b9R47YekjwY4o=": {
            "valueMac": {
              "type": "Buffer",
              "data": "zPr4ergCbOV7MYAgIlyjsXKiZ6FaUVctqOxHaShVi+U="
            }
          },
          "89C/UuPSFYNpgnGRDLaxbiRXP0xynruf21t0nK5EWWY=": {
            "valueMac": {
              "type": "Buffer",
              "data": "lBaTwL7gWtMjBk1RB7p60GsP5lt/buF+vmktjwAxOpg="
            }
          },
          "9Bw6NXUhLS4AH13YLNhEoBuYyP3RtBN4TO5TzUeKUoM=": {
            "valueMac": {
              "type": "Buffer",
              "data": "offdBHpycYvLHR7Byucp6tO0LLNWEjGnXxgOc2Nek1E="
            }
          },
          "+DJPd7RVt5v3FvFW+TeJ/+lzoWzzeCcWq98XOtxyxL4=": {
            "valueMac": {
              "type": "Buffer",
              "data": "WDYFSgQJMmLAqzXc6Os8JqdVsJfDYoN2+zpmR/xsVv4="
            }
          },
          "/5L2mCrP+sazMOwjJo5Q/tBlkik217Bec8djMgT6D5Q=": {
            "valueMac": {
              "type": "Buffer",
              "data": "pmpIYDDdtWzlNc8/xCwJFRA9X0Xgl7lWzsbEVcr5HA4="
            }
          }
        }
      },
      "critical_block": {
        "version": 13,
        "hash": {
          "type": "Buffer",
          "data": "Xr8QpkcJT65n2CeZzrI/4rvVvX6EqoHJZe6JznJnMouYm3PwWvSMFB8J5uCC4BMg1s7Kg3XZ283iTJ7vwE6FVc7beovsNQf/1lwbkBflsIUAt35+/QMjkMZuHoxSiBR2nb15S7svC4Bh7dqZnaIF7TtVj1MAbAvKUXC0mljPsOk="
        },
        "indexValueMap": {
          "SIPB9EoSw++1rbOzZ41bfA6w9E8a/zNWb+UGaFPRvWo=": {
            "valueMac": {
              "type": "Buffer",
              "data": "9le568qssru9zdVa5JNj/+Yf7h1sdEKQD0pr+AhgSJ4="
            }
          },
          "y4RITDd5GfXI/9ehHvAITzzG/Q9p98T1ZHrnksSvm3I=": {
            "valueMac": {
              "type": "Buffer",
              "data": "zyIQu/jzOylG1Q2/LQPLrZ9gVY8GiscZwLkUgL/0jrI="
            }
          },
          "92LIWmE8UoZ+kkDe8YtGnK5LKUZsEQEkdsEeOAo8uU8=": {
            "valueMac": {
              "type": "Buffer",
              "data": "VMb9lABVfO1uBwaIJJPTH/+mZfzSLPX80cL/5Ha8UBs="
            }
          }
        }
      }
    },
    "senderKeys": {
      "6281319944917-1610752237@g.us::6283195466794::0": [
        {
          "senderKeyId": 2073766310,
          "senderChainKey": {
            "iteration": 1,
            "seed": "BgLV1UP2Q3o+sDrO81LM6JC/UVOKZULkqeGwOHfrh54="
          },
          "senderSigningKey": {
            "public": "BdsDp77vsRUYYb+ncFiS46PZHBTGcOJZpbcer62hjVtv"
          }
        }
      ],
      "status@broadcast::6285803411325::0": [
        {
          "senderKeyId": 2130755985,
          "senderChainKey": {
            "iteration": 6,
            "seed": "SJmEZGm3l0twv1sg1EfmSifOGit+AYpCGnvY6OWeOtQ="
          },
          "senderSigningKey": {
            "public": "BZbcn5ZRAseQuJ89u15VD1eaV6b39qL4LCcIG6lybddr"
          },
          "senderMessageKeys": [
            {
              "iteration": 4,
              "seed": "ZR4SgbywxRQJx0YGy5T80I7R+l0Myk28aqTcZcwRTJ8="
            }
          ]
        }
      ],
      "status@broadcast::6282290593865::0": [
        {
          "senderKeyId": 49455871,
          "senderChainKey": {
            "iteration": 0,
            "seed": "GEDZAHmUglcEJHlzsWt4J3PmyoDo6AkJ/yRkM1sso58="
          },
          "senderSigningKey": {
            "public": "Bcx6Rs2YJ35t/dua9TxXfdogPLYDGgttjX7INGouSEcb"
          }
        }
      ],
      "status@broadcast::6283865444700::0": [
        {
          "senderKeyId": 1879006464,
          "senderChainKey": {
            "iteration": 8,
            "seed": "g23TlX8mCvyFWplaRX971EyblNXcqSyDYpABsW42Jpk="
          },
          "senderSigningKey": {
            "public": "BWjEUAXnJnLHdtLr8k/xRTIPJw0ATBAjQdps+5kWxxtP"
          }
        }
      ]
    }
  }
}